index,published,topic,term,domain,language,valid,de,title,description,en,la,url,image,archive,content,quote,added,feed,country,ipcc,continent
312dfaa058e3ecbf02278bc449fbb49f,2026-07-03T02:27:52Z,Precipitation,Rain India,economictimes.indiatimes.com,en,0.8,"Delhi-NCR-Wetteraktualisierung: IMD gibt Alarmstufe Gelb aus, da der Monsun in Delhi ankommt; starker Regen, Gewitter und böiger Wind wahrscheinlich, Entspannung durch Luftfeuchtigkeit erwartet. Regen in Delhi: Delhi bereitet sich auf starke Regenfälle und Gewitter vor, da das indische Wetteramt eine gelbe Warnung ausgegeben hat. Der Monsun ist offiziell da und bringt die dringend benötigte Linderung der Feuchtigkeit. Anwohner müssen mit mäßigen bis starken Regenschauern rechnen …","Delhi-NCR weather update: IMD issues yellow alert as monsoon arrives in Delhi; heavy rain, thunderstorms and gusty winds likely, relief from humidity expected","Rain in Delhi: Delhi is bracing for heavy rainfall and thunderstorms as the India Meteorological Department has issued a yellow alert. The monsoon has officially arrived, bringing much-needed relief from humidity. Residents can expect moderate to heavy shower…","Delhi-NCR weather update: IMD issues yellow alert as monsoon arrives in Delhi; heavy rain, thunderstorms and gusty winds likely, relief from humidity expected. Rain in Delhi: Delhi is bracing for heavy rainfall and thunderstorms as the India Meteorological Department has issued a yellow alert. The monsoon has officially arrived, bringing much-needed relief from humidity. Residents can expect moderate to heavy shower…","Tempestas renovatio Delhi-NCR: IMD exit flavum erectum sicut monsoon in Delhi venit; pluviae graves, tonitrua et ventos procellosos verisimile, humiditatem levamen expectat. Pluviae in Delhi: Delhi pluvias et tonitrua comprehendit sicut Indiae Department meteorologicum croceum erectum emisit. ETESIA officialiter advenit, multum indigentiae humiditatis levamen afferens. Residentibus potest moderari ut gravis imber ...",https://economictimes.indiatimes.com/news/new-updates/delhi-ncr-weather-update-imd-issues-yellow-alert-as-monsoon-arrives-in-delhi-heavy-rain-thunderstorms-and-gusty-winds-likely-relief-from-humidity-expected/articleshow/132150866.cms,"https://img.etimg.com/thumb/msid-132150980,width-1200,height-630,imgsize-316431,overlay-economictimes/articleshow.jpg",,"The India Meteorological Department (IMD) has sounded a yellow alert for Delhi and its adjoining areas for July 3, Friday, forecasting a generally cloudy sky with moderate rainfall. Rain lashed sever… [+4903 chars]",,2026-07-04 02:43:23+00:00,wmo,India,SAS,Asia
074d39f8a0679b17f94c96bab2179664,2026-07-02T08:00:00Z,Heat Wave,Heat Wave Canada,www.cbc.ca,en,0.7,"Möchten Sie sich bei einem Bad in einem Fluss oder See abkühlen? So bleiben Sie auf der sicheren Seite. Nach einer Reihe von Todesfällen durch Ertrinken während der anhaltenden rekordverdächtigen Hitzewelle in Europa fordern Befürworter die Kanadier auf, an diesem Kanada-Tag auf Nummer sicher zu gehen, während sie sich für mehr Zugang zu öffentlichen Schwimmbädern im ganzen Land einsetzen.",Want to cool off with a dip in a river or lake? Here's how to stay safe,"After a rash of drowning deaths during Europe's ongoing record-breaking heat wave, advocates are urging Canadians to stay safe this Canada Day as they push for more public swimming access across the country.","Want to cool off with a dip in a river or lake? Here's how to stay safe. After a rash of drowning deaths during Europe's ongoing record-breaking heat wave, advocates are urging Canadians to stay safe this Canada Day as they push for more public swimming access across the country.","Vis refrigescant cum tingunt in flumine vel lacu? Hic est quomodo tutus maneas. Post mortem temerariam submersionis in Europa record-fractionis fluctus caloris permanentem, advocati suadent Canadenses ut incolumem hunc diem Canadam maneant, dum ad maiorem accessum per patriam natandi publici impellunt.",https://www.cbc.ca/news/canada/heat-wave-swimming-risk-canada-9.7253498,"https://i.cbc.ca/ais/d3d29923-3b1b-44ac-a846-ca130266d7da,1782851372621/full/max/0/default.jpg?im=Crop%2Crect%3D%280%2C226%2C5824%2C3276%29%3BResize%3D620",,"After a rash of drowning deaths during Europe's record-breaking heat wave, advocates are urging Canadians to stay safe this summer as they push for more public swimming access across the country. 
F… [+5880 chars]",,2026-07-05 16:07:27+00:00,wmo,Canada,NEN,North-America
84b2851f545ae09138c62c9c7be96f97,2026-07-02T10:24:52Z,Heat Wave,Heat Wave Canada,www.nationalobserver.com,en,0.7,"Trotz Stromausfall während der Hitzewelle blieben die Tiere im Toronto Zoo kühl. Während weite Teile Südontarios unter einer anhaltenden Hitzewelle schwitzen, gab der Toronto Zoo an, dass seine Tiere trotz eines Stromausfalls, der die Einrichtung am Canada Day lahmlegte, kühl gehalten wurden.",Animals at Toronto Zoo remained cool despite power outage amid heat wave,"While much of southern Ontario sweats under an extended heat wave, the Toronto Zoo says its animals were kept cool despite a power failure that shuttered the facility on Canada Day.","Animals at Toronto Zoo remained cool despite power outage amid heat wave. While much of southern Ontario sweats under an extended heat wave, the Toronto Zoo says its animals were kept cool despite a power failure that shuttered the facility on Canada Day.","Animalia apud Toronto Zoo frigus remanserunt obstante potentia eu inter undam caloris. Dum Ontario meridionali multum sub unda aestu extenso sudat, Toronto Zoo dicit animalia sua refrigerari conservata propter defectum potentiae quae in Canada diei facilitatem concluditur.",https://www.nationalobserver.com/2026/07/02/news/animals-toronto-zoo-remained-cool-despite-power-outage-amid-heat-wave,https://www.nationalobserver.com/sites/default/files/img/2026/07/02/25b640dc4a9b89c1fb543d03264f2ce6b58d2f2b59a0228a87c314eccc0299c1.jpg,,"While much of southern Ontario sweats under an extended heat wave, the Toronto Zoo says its animals were kept cool despite a power failure that shuttered the facility on Canada Day.
A statement from… [+723 chars]",,2026-07-05 16:07:27+00:00,wmo,Canada,NEN,North-America
30753875e8d511068fa1b94aed902812,2026-07-03T19:11:27Z,Storm,Storm Canada,www.cbc.ca,en,0.7,"Hitzewarnung für Toronto bis Samstag verlängert: Environment Canada. Bis zum ersten Teil des Wochenendes bleibt es dort draußen heiß, und Environment Canada prognostiziert nun auch für den Samstag Höchsttemperaturen von 31 bis 33 °C. Außerdem besteht die Gefahr schwerer Gewitter, starker Böen und Hagel in der Größe von Tischtennisbällen…",Heat warning for Toronto extended through Saturday: Environment Canada,"It's staying hot out there into the first part of the weekend, with Environment Canada now forecasting maximum temperatures of 31 to 33 C continuing into Saturday. There is also a risk of severe thunderstorms, strong gusts and hail the size of ping pong balls…","Heat warning for Toronto extended through Saturday: Environment Canada. It's staying hot out there into the first part of the weekend, with Environment Canada now forecasting maximum temperatures of 31 to 33 C continuing into Saturday. There is also a risk of severe thunderstorms, strong gusts and hail the size of ping pong balls…","Calor admonitio Toronto per Saturni: Environment Canada. Ibi calidus in prima parte volutpat vestibulum commoratur, cum Environment Canada nunc praevidens maximas temperaturas 31 ad 33 C in Saturni continuando. Est etiam periculum gravium tonitruum, procellarum et grandinum magnitudinem globi ping PUTEO.",https://www.cbc.ca/news/canada/toronto/heat-wave-extends-toronto-9.7257849,"https://i.cbc.ca/ais/1.7604489,1782768374439/full/max/0/default.jpg?im=Crop%2Crect%3D%280%2C247%2C4784%2C2691%29%3BResize%3D620",,"The heat wave that's enveloped Toronto this week will continue into the weekend, with Environment Canada extending its orange-level warning of high temperatures into Saturday.
Maximum temperatures a… [+1440 chars]",,2026-07-05 16:07:27+00:00,wmo,Canada,NEN,North-America
97ec82ddd8384d2cd1bd13a33e212a2c,2026-07-02T12:09:33Z,Heat Wave,Heat Wave Canada,www.cbc.ca,en,0.8,"Aufräumarbeiten nach dem Sturm finden während des erwarteten Höhepunkts der Hitzewelle statt. Das Gebiet Ottawa-Gatineau räumt sich von den massiven, starken Gewittern auf, die am Nachmittag und Abend des Canada Day heimgesucht haben. Der Schaden, einschließlich Überschwemmungen, ereignete sich während einer langanhaltenden, heftigen Hitzewelle.",Storm cleanup happening during expected peak of heat wave,"The Ottawa-Gatineau area is cleaning up from massive, powerful thunderstorms that struck the afternoon and evening of Canada Day. The damage, including flooding, happened during a long-lasting, punishing heat wave.","Storm cleanup happening during expected peak of heat wave. The Ottawa-Gatineau area is cleaning up from massive, powerful thunderstorms that struck the afternoon and evening of Canada Day. The damage, including flooding, happened during a long-lasting, punishing heat wave.","Tempestas tersus fiebat in expectata cacumine caloris unda. Area Ottawa-Gatineau redigit a magnis et validis procellis qui post meridiem et vesperum Diei Canadae percussit. Damnum, inclusa inundatione, accidit diuturno, plectens aestum fluctum.",https://www.cbc.ca/news/canada/ottawa/ottawa-gatineau-canada-day-storm-weather-cancel-9.7255678,"https://i.cbc.ca/ais/99741cd0-f1f2-4b9d-b037-14799e26e872,1782992199138/full/max/0/default.jpg?im=Crop%2Crect%3D%280%2C366%2C4032%2C2268%29%3BResize%3D620",,"The Ottawa-Gatineau area is cleaning up from massive, powerful thunderstorms that struck the afternoon and evening of Canada Day. 
The damage, including flooding, happened during a long-lasting, pun… [+975 chars]",,2026-07-05 16:07:27+00:00,wmo,Canada,NEN,North-America
7e0ff81f8a3cd7f27cece51911a32824,2026-07-03T16:36:01Z,Tropical Cyclone,Typhoon Guam,consent.yahoo.com,en,0.8,"Guam bereitet sich auf den Supertaifun Bavi vor, der möglicherweise Hurrikanstärke der Kategorie 5 erreicht. Keiner","Guam braces for Super Typhoon Bavi, which may hit at Category 5 hurricane strength",,"Guam braces for Super Typhoon Bavi, which may hit at Category 5 hurricane strength. None","Guam adstringit Super Typhonem Bavi, quod forte categoriam 5 turbinis feriet. Nullus",https://consent.yahoo.com/v2/collectConsent?sessionId=1_cc-session_5169e839-3b53-4415-8787-11b1f52da001,,,"If you click 'Accept all', we and our partners, including 249 who are part of the IAB Transparency &amp; Consent Framework, will also store and / or access information on a device (in other words, us… [+1046 chars]",,2026-07-05 20:58:13+00:00,wmo,United States,CNA,North-America
0904e9afdaed9df137bfe02d0b7b2704,2026-07-01T06:19:15Z,Flood,Flashflood Harrison MS,www.abc.net.au,en,0.3,"Hubschrauberpilot und Polizist für die heldenhafte Flutrettung von Katherine geehrt. Ein Hubschrauberpilot und ein Polizist, die Anfang des Jahres in Katherine eine gewagte Flutrettung durchgeführt haben, wurden im Rahmen der Territory Day Awards des Northern Territory für ihre Heldentaten ausgezeichnet.",Chopper pilot and police officer honoured for heroic Katherine flood rescue,A helicopter pilot and a police officer who performed a daring flood rescue in Katherine earlier this year have been awarded for their heroics as part of the Northern Territory's Territory Day awards.,Chopper pilot and police officer honoured for heroic Katherine flood rescue. A helicopter pilot and a police officer who performed a daring flood rescue in Katherine earlier this year have been awarded for their heroics as part of the Northern Territory's Territory Day awards.,"Chopper gubernator et praefectus vigilum ob heroicam Katherinam diluvium honorati restituunt. Gubernator helicopterus et DENUNTIATOR, qui audaciam diluvii liberandi in Katherina praestiterunt, hoc anno donati sunt ob heroicos suos ut partem Territorii Septentrionis Diei praemiorum.",https://www.abc.net.au/news/2026-07-01/pilot-police-officer-flood-rescue-katherine-chief-minister-medal/106864970,https://live-production.wcms.abc-cdn.net.au/18a29afb5d110e33234fdb92c1e297c9?impolicy=wcms_watermark_news&cropH=2813&cropW=5000&xPos=0&yPos=0&width=862&height=485&imformat=generic,,The chopper pilot and police officer responsible for a remarkable rescue from raging floodwaters in Katherine earlier this year have been honoured with medals from the Northern Territory's chief mini… [+4390 chars],,2026-07-06 08:59:50+00:00,wmo,United States,CNA,North-America
c163de02818affa550dc3208dcfe5abb,2026-07-03T04:01:00Z,Earthquake,Earthquake Georgetown,www.abc.net.au,en,0.3,„Tödliche“ indigene Fernkünstler reisen nach Sydney. Abgelegene indigene Künstler aus ganz Australien kommen zur jährlichen National Indigenous Art Fair nach Sydney.,'Deadly' Indigenous remote artists travel to Sydney,Remote Indigenous artists from around Australia are in Sydney for the annual National Indigenous Art Fair.,'Deadly' Indigenous remote artists travel to Sydney. Remote Indigenous artists from around Australia are in Sydney for the annual National Indigenous Art Fair.,Mortiferum artifices Indigenae remoti ad Sydneyum pergunt. Indigenae artifices remoti ab circa Australiam sunt in Sydney pro annuo arte nationali Indigenae Fair.,https://www.abc.net.au/news/2026-07-03/national-indigenous-art-fair-sydney-regional-artists/106864376,https://live-production.wcms.abc-cdn.net.au/6cc4ed909f5562833bdd6b7dbcad621e?impolicy=wcms_watermark_news&cropH=2813&cropW=5000&xPos=0&yPos=292&width=862&height=485&imformat=generic,,"More than 100 artists from 30 remote Indigenous art centres have travelled to Sydney for this weekend's National Indigenous Art Fair.
Award-winning artist Kieren Karritpul from the Northern Territor… [+5733 chars]",,2026-07-06 08:59:50+00:00,usgs,Saint Helena,EAO,Atlantic Ocean
c1b681e2a110e1fdfe99eedc34960425,2026-07-03T08:25:36Z,Flood,Flood Hardin TX,www.cricketnews.com,en,0.3,"Melbourne Renegades gegen Perth Scorchers in Chennai: Cricket Australia schließt den Auftakt der BBL 2026 ab, während Big Bash nach Indien kommt. Cricket Australia feiert einen historischen BBL-Saisonauftakt auf indischem Boden.",Melbourne Renegades vs Perth Scorchers in Chennai: Cricket Australia finalises BBL 2026 opener as Big Bash comes to India,Cricket Australia locks in a historic BBL season opener on Indian soil.,Melbourne Renegades vs Perth Scorchers in Chennai: Cricket Australia finalises BBL 2026 opener as Big Bash comes to India. Cricket Australia locks in a historic BBL season opener on Indian soil.,Melbourne Renegades Perth Scorchers in Chennai: Australia Cricket finalisat BBL 2026 aperitor ut Magnus Bash in Indiam venit. Cricket Australia crines in BBL historico tempore aperiente in solo Indico.,https://www.cricketnews.com/en/cricket/news/melbourne-renegades-perth-scorchers-chennai-bbl-2026-opener-big-bash/a84ce7150388d8d14268d858,https://s.yimg.com/lo/mysterio/api/099ff1232e4249ebc6be2064f7d296e4672af722b1567f402455b8ab16c55342/lightyear_networkapi/resizefill_w760_h427;quality_80;format_webp/https:%2F%2Fmedia.zenfs.com%2Fen%2Fthe_cricket_news_articles_506%2F4a4e85fe86922547f31cca36cf1ee873,,Melbourne Renegades vs Perth Scorchers in Chennai: Cricket Australia finalises BBL 2026 opener as Big Bash comes to India originally appeared on Cricket News. Add Cricket News as a Preferred Source b… [+3092 chars],,2026-07-06 08:59:50+00:00,wmo,United States,CNA,North-America
30aaf8f8ce8e2449a7c5f2d52f566a65,2026-07-01T21:36:28Z,Snow&Ice,Ice Australia,www.abc.net.au,en,0.7,Drogen- und Alkoholentzug in Alice Springs wegen Überschwemmung unterbrochen. Drug and Alcohol Services Australia führt seine Programme aufgrund der Überschwemmungen am Standort Alice Springs Anfang des Jahres mit stark reduzierter Kapazität durch.,Alice Springs drug and alcohol rehab curbed due to flooding,Drug and Alcohol Services Australia is running programs at a vastly reduced capacity due to flooding at its Alice Springs site earlier this year.,Alice Springs drug and alcohol rehab curbed due to flooding. Drug and Alcohol Services Australia is running programs at a vastly reduced capacity due to flooding at its Alice Springs site earlier this year.,Alicia Fontes medicamento et alcohol rehab ob inundationem repressit. Medicamentum et Vocatus Services Australia programs currit ad facultatem valde imminutam ob inundationem apud fontem Aliciae eius situs hoc anno maturius.,https://www.abc.net.au/news/2026-07-02/alice-springs-drug-and-alcohol-rehab-curbed/106826620,https://live-production.wcms.abc-cdn.net.au/1d93b44327cf8a748ed513e586c2f88c?impolicy=wcms_watermark_news&cropH=2813&cropW=5000&xPos=0&yPos=521&width=862&height=485&imformat=generic,,A major provider of drug and alcohol rehabilitation in central Australia has reduced the number of clients participating in programs at one of its sites to a third after it flooded earlier this year.… [+4381 chars],,2026-07-06 08:59:50+00:00,wmo,Australia,CAU,Oceania
5f68f7df4e816c0ebbc07db074177958,2026-07-02T20:35:01Z,Flood,flooding South Australia,www.abc.net.au,en,0.8,"Explosion der Wildschweinzahlen aufgrund schwerer Überschwemmungen im hohen Norden Südafrikas. Nach rekordverdächtigen Überschwemmungen explodiert die Zahl der Wildschweine im Outback Südaustraliens, was Stationsbesitzer und den Invasive Species Council zu einem Aufruf an die Regierungen veranlasst, Maßnahmen zu ergreifen.",Explosion in feral pig numbers attributed to major flooding in far north SA,"Feral pig numbers are exploding in outback South Australia after record-breaking floods, prompting a call from station owners and the Invasive Species Council for governments to take action.","Explosion in feral pig numbers attributed to major flooding in far north SA. Feral pig numbers are exploding in outback South Australia after record-breaking floods, prompting a call from station owners and the Invasive Species Council for governments to take action.","Explosio in feral porco numerorum majorum inundationis in longe septentrionis SA attribuitur. Ferales porcus numeri in outback Australis Australiae post recordationes inundationes fractis explodunt, vocationem a stationibus dominis excitatis et Consilium speciei incursionis ad regimen agendi faciendum.",https://www.abc.net.au/news/2026-07-03/feral-pigs-explode-in-numbers-south-australia-far-north-floods/106833158,https://live-production.wcms.abc-cdn.net.au/c4c41518578e76c2986dd0a14367bacb?impolicy=wcms_watermark_news&cropH=1149&cropW=2042&xPos=0&yPos=98&width=862&height=485&imformat=generic,,"Content warning: This story contains a graphic image of a dead animal.
Station owners and the Invasive Species Council are calling for funding and action to tackle a boom in feral pig numbers in out… [+5580 chars]",,2026-07-06 08:59:50+00:00,acwe,Australia,SAU,Oceania
89edd45e0e22f1647902f74b9ea55fe7,2026-07-03T04:38:09Z,Storm,Storm Australia,www.abc.net.au,en,0.8,"Mann wurde aus Überschwemmungen gerettet, als wildes Wetter in Südafrika Spuren von Schäden hinterließ. Sturmschäden haben zu umfangreichen Aufräumarbeiten in ganz Südaustralien geführt, während ein Mann vom Dach seines Fahrzeugs gerettet werden musste, nachdem er versucht hatte, durch Hochwasser zu fahren.",Man rescued from flood waters as SA wild weather leaves trail of damage,Storm damage have prompted extensive clean-ups across South Australia while a man had to be rescued from his vehicle's rooftop after he tried to drive through flood waters.,Man rescued from flood waters as SA wild weather leaves trail of damage. Storm damage have prompted extensive clean-ups across South Australia while a man had to be rescued from his vehicle's rooftop after he tried to drive through flood waters.,"Homo a diluvio aquarum ereptus, ut sa* tempestatum ferae detrimentum relinquit. Tempestas damna amplas munditias trans Australiam Australem concitaverunt dum homo e tecto vehiculo suo liberandus erat postquam per diluvium aquas agitare conatus est.",https://www.abc.net.au/news/2026-07-03/man-rescued-from-car-rooftop-as-storm-clean-up-underway/106874578,https://live-production.wcms.abc-cdn.net.au/d06597c4890bf3cfb8b63443ea164c77?impolicy=wcms_watermark_news&cropH=983&cropW=1747&xPos=121&yPos=58&width=862&height=485&imformat=generic,,"Storm damage has prompted extensive clean-ups across South Australia while a man had to be rescued from his vehicle's rooftop after he tried to drive through flood waters.
Emergency services were ca… [+4069 chars]",,2026-07-06 08:59:50+00:00,wmo,Australia,CAU,Oceania
b53d9f09213bc4bdd4f6601ab9fd1e97,2026-07-05T16:13:00Z,Flood,Flashflood Pickaway OH,www.nbcnews.com,en,0.2,"25 Tote bei anhaltender Hitzewelle, da Stürme Überschwemmungen und Windgefahren an die Ostküste bringen. Eine einwöchige Hitzewelle, von der Beamte glauben, dass sie mindestens 25 Menschen getötet hat, dauerte am Sonntag an, wobei 40 Millionen Menschen an der Ostküste sowie im Südosten und Südwesten unter Hitzealarm standen.","25 dead in ongoing heat wave as storms bring flood, wind threats to East Coast","A weeklong heat wave that officials believe has killed at least 25 people continued Sunday, with 40 million people under heat alerts across the East Coast, Southeast and Southwest.","25 dead in ongoing heat wave as storms bring flood, wind threats to East Coast. A weeklong heat wave that officials believe has killed at least 25 people continued Sunday, with 40 million people under heat alerts across the East Coast, Southeast and Southwest.","25 Fluctuat aestus exanimis fecundo, ut tempestates ferant diluvium, ventumque ad Orientem minas. Septimana aestus undam quam ministri credunt occidisse saltem XXV homines Solis continuati, cum XL miliones hominum sub summis calidis per Orientem oram, Meridiem et Africum.",https://www.nbcnews.com/weather/heat/heat-wave-storms-bring-flood-wind-threats-east-coast-rcna353025,"https://media-cldnry.s-nbcnews.com/image/upload/t_nbcnews-fp-1200-630,f_auto,q_auto:best/rockcms/2026-07/260704-dc-july-4-heat-inline-2-jg-e6c007.jpg",,"A weeklong heat wave that officials believe has killed at least 25 people continued Sunday, with 40 million people under heat alerts across the East Coast, Southeast and Southwest.
Limited time: Sav… [+3614 chars]",,2026-07-06 21:27:51+00:00,wmo,United States,CNA,North-America
9b2a55563469253c65be8ab4b4004956,2026-07-05T16:54:26Z,Tropical Cyclone,Typhoon Guam,www.aljazeera.com,en,0.8,Der Supertaifun Bavi bedroht Guam mit katastrophalen Winden und Überschwemmungen. Das Sturmsystem wird voraussichtlich am Montagmorgen das Festland erreichen.,Super Typhoon Bavi threatens Guam with catastrophic winds and flooding,The storm system is expected to reach landfall on Monday morning.,Super Typhoon Bavi threatens Guam with catastrophic winds and flooding. The storm system is expected to reach landfall on Monday morning.,Super Typhoon Bavi Guam ventis calamitosis et inundationibus minatur. Tempestas ratio expectatur ut Lunae mane ad landfall perveniret.,https://www.aljazeera.com/news/2026/7/5/super-typhoon-bavi-threatens-guam-with-catastrophic-winds-and-flooding,https://www.aljazeera.com/wp-content/uploads/2026/07/afp_6a4a7e60d2b0-1783266912.jpg?resize=1920%2C1440,,Residents of Guam and the Northern Mariana Islands are moving to emergency shelters and making last-minute preparations before the arrival of a super typhoon expected to batter the United States Paci… [+2903 chars],,2026-07-06 21:27:51+00:00,wmo,United States,CNA,North-America
78d247345d2cb0ca68b9f50be914349f,2026-07-02T12:00:00Z,Drought,Lack of Rain Bermuda,www.nybooks.com,en,0.2,"Das jüdisch-bolschewistische Ziel. Die populäre Erinnerung im Westen neigt dazu, den Holocaust vom deutschen Krieg gegen die Sowjetunion zu trennen, aber für das Nazi-Regime waren sie zwei Gesichter desselben Unternehmens.",The Judeo-Bolshevist Target,"Popular memory in the West tends to separate the Holocaust from the German war against the Soviet Union, but for the Nazi regime they were two faces of the same undertaking.","The Judeo-Bolshevist Target. Popular memory in the West tends to separate the Holocaust from the German war against the Soviet Union, but for the Nazi regime they were two faces of the same undertaking.","The Judeo-Bolshevist Target. In Occidente memoria popularis Holocaustum a bello Germanico contra Unionem Sovieticam separare tendit, sed pro regimine Nazi duo eiusdem incepti facies erant.",https://www.nybooks.com/articles/2026/07/23/the-judeo-bolshevist-target-jochen-hellbeck/,https://www.nybooks.com/wp-content/uploads/2026/06/bartov_1-072326-1200.jpg,,"Sometime in early 1983, toward the end of my time as a graduate student at Oxford University, I met with the military historian Michael Howard, who had served as an officer during World War II and fo… [+33032 chars]",,2026-07-07 12:26:31+00:00,edo,Bermuda,NAO,Atlantic Ocean
04b6da2550cfa123e97922d77283c9e1,2026-07-05T06:30:55Z,Snow&Ice,Ice New South Wales Snowy Mountains,www.dailymail.com,en,0.2,"England-Fans müssen nervös warten, da die mexikanischen Behörden die neueste Gewitterwarnung für das spätnächtliche WM-Achtelfinale herausgeben – aber trotz der Befürchtungen einer Verzögerung wird die Halbzeitpause fortgesetzt. Die mexikanischen Behörden haben gewarnt, dass in der ersten Halbzeit des Achtelfinal-Spiels der englischen Weltmeisterschaft gegen den Co-Gastgeber mit Gewittern zu rechnen ist, was zu einer Unterbrechung des Spiels führen könnte.",England fans face nervous wait as Mexican authorities issue latest thunderstorm warning for late night World Cup last-16 clash - but half-time show to go ahead despite delay fears,"Mexican authorities have warned thunderstorms are expected during the first half of the England's World Cup last-16 tie with the co-hosts, which could lead to the tie being suspended.","England fans face nervous wait as Mexican authorities issue latest thunderstorm warning for late night World Cup last-16 clash - but half-time show to go ahead despite delay fears. Mexican authorities have warned thunderstorms are expected during the first half of the England's World Cup last-16 tie with the co-hosts, which could lead to the tie being suspended.","Anglia ventilat faciem nervorum exspectationem sicut Mexicani auctoritates procedunt novissimam tonitrui admonitionem ad multam noctem World Cup ultimo 16 crepitus - sed dimidium temporis spectaculum praecedere obstante mora timores. Auctoritates Mexicanae monuerunt tonitribus exspectari in prima medietate Mundi Mundi Angliae, ultimo-XVI ligamine cum exercitibus co-militibus, quae paritas intermissa ducere posset.",https://www.dailymail.com/sport/football/article-15953939/England-fans-nervous-wait-Mexican-authorities-thunderstorm-warning-World-Cup.html,https://i.dailymail.com/1s/2026/07/05/07/109800251-0-England_fans_watching_the_clash_with_Mexico_could_be_in_for_a_lo-a-16_1783232821408.jpg,,"Mexican authorities have warned thunderstorms are expected during the first half of England's World Cup last-16 tie with the co-hosts, which could lead to the tie being suspended.
The build-up to th… [+5663 chars]",,2026-07-07 17:13:15+00:00,wmo,Australia,CAU,Oceania
40b2aec2e16613328cebf2c721bf6fb0,2026-07-05T04:55:52Z,Flood,Flooding Australia,nypost.com,en,0.3,"Trump begrüßt die USA am 4. Juli als „Licht und Ruhm“ der Welt und verurteilt den „Krebs“ des Kommunismus. Trump sprach vor einer jubelnden Menge von mehr als 150.000 Menschen in der National Mall, die einer durch ein Gewitter erzwungenen Evakuierung trotzten, um um 23 Uhr die Rede des Präsidenten zu hören. Stunde.","Trump hails US as ‘light and the glory’ of the world on 4th of July, condemns ‘cancer’ of communism","Trump spoke to a cheering crowd of more than 150,000 people on the National Mall who braved a thunderstorm-forced evacuation to hear the president speak in the 11 p.m. hour.","Trump hails US as ‘light and the glory’ of the world on 4th of July, condemns ‘cancer’ of communism. Trump spoke to a cheering crowd of more than 150,000 people on the National Mall who braved a thunderstorm-forced evacuation to hear the president speak in the 11 p.m. hour.","BUCINUM salutat nos ut 'lucem et gloriam mundi die 4 mensis Iulii' damnat 'cancrum communismi'. Tuba locutus est ad laetissimam turbam plusquam 150.000 hominum ex National Mall, qui evacuationem tonitribus coactam ad audiendum Praesidem loqui in 11 a.m. horam.",https://nypost.com/2026/07/05/us-news/trump-hails-us-as-light-and-the-glory-of-the-world-on-4th-of-july-condemns-cancer-of-communism/,https://nypost.com/wp-content/uploads/sites/2/2026/07/trump.jpg?quality=75&strip=all&1783213306&w=1200,,WASHINGTON – President Trump marked the 250th birthday of the United States Saturday night with a speech paying tribute to the glory of America while vowing to protect it from the cancer of communism… [+5081 chars],,2026-07-07 17:13:15+00:00,wmo,Australia,CAU,Oceania
f0fde0cafe5632d9ff256d0b6b1b7e2b,2026-07-05T07:19:08Z,Storm,Storm United Kingdom,www.bbc.co.uk,en,0.3,"Sengende Hitze und Verzögerungen: Wie Washington DC den 250. Geburtstag von America feierte. Die Vereinigten Staaten von Amerika feierten ihren 250. Geburtstag mit Feuerwerken, Überflügen und heftigem Wetter im ganzen Land.",Scorching heat and delays: How Washington DC marked America 250,"The United States of America marked its 250th birthday with fireworks, flyovers, some intense weather across the country.","Scorching heat and delays: How Washington DC marked America 250. The United States of America marked its 250th birthday with fireworks, flyovers, some intense weather across the country.","Fervens et moras aestuans: Quomodo Washington DC notata America 250. Civitates Americae Septentrionalis dies natalem suum cum pompa, volatilibus, nonnullis tempestatibus per regionem intensam notaverunt.",https://www.bbc.co.uk/news/videos/cwyk2ypj014o,https://ichef.bbci.co.uk/news/1024/branded_news/f9fa/live/25cb0190-783f-11f1-9510-1546718f668b.jpg,,"Thousands of people gathered in the US capital to celebrate the country's 250th birthday in a day that was marked by extreme weather, delays, and a huge display of fireworks.
The celebration, which … [+497 chars]",,2026-07-07 17:13:15+00:00,wmo,United Kingdom,NEU,Europe
f614798e6d5a6adbfe3eb3a49ed41c90,2026-07-05T00:44:56Z,Heat Wave,Heat Wave heatwave,economictimes.indiatimes.com,en,0.7,"Trump macht Schlagzeilen bei den Feierlichkeiten zum 250. Geburtstag der USA im geteilten Amerika. Amerikas 250. Geburtstag wurde im ganzen Land gefeiert, obwohl eine schwere Hitzewelle und herannahende Gewitter die Ereignisse in Washington D.C. störten. Präsident Trumps geplante Kundgebung und sein Feuerwerk sahen sich inmitten der schwülen Hitze mit Evakuierungsbefehlen konfrontiert.",Trump headlines US's 250th birthday celebrations in divided America,"America's 250th birthday was marked by celebrations across the nation, though a severe heatwave and approaching thunderstorms disrupted events in Washington D.C. President Trump's planned rally and fireworks display faced evacuation orders amidst sweltering t…","Trump headlines US's 250th birthday celebrations in divided America. America's 250th birthday was marked by celebrations across the nation, though a severe heatwave and approaching thunderstorms disrupted events in Washington D.C. President Trump's planned rally and fireworks display faced evacuation orders amidst sweltering t…","Trump lacus US 250th natalis celebrationes in divisa Americae. Dies natalis Americae CCL celebrationibus trans nationis insignitus est, quamquam aestus gravis et procellis procellis agitatus in Washington D.C. eventus Vindobonae D.C. Praeses Trump meditatus soeios ostentant et pompa facie evacuationis ordines inter aestus t…",https://economictimes.indiatimes.com/news/international/world-news/trump-headlines-uss-250th-birthday-celebrations-in-divided-america/articleshow/132189574.cms,"https://img.etimg.com/thumb/msid-132189585,width-1200,height-630,imgsize-276264,overlay-economictimes/articleshow.jpg",,"The United States celebrated its 250th birthday on Saturday with parades, flyovers and fireworks to come, as President Donald Trump stamped his mark on the landmark anniversary in a deeply divided na… [+4677 chars]",,2026-07-07 17:13:15+00:00,wmo,India,SAS,Asia
407fbf0bb514ee10a6e706c4439583ac,2026-07-05T01:44:49Z,Storm,Storm United States,biztoc.com,en,0.7,"Trump wird am 4. Juli eine Rede halten, „egal was passiert“. US-Präsident Donald Trump versprach, die Rede zum 250. Jahrestag der Gründung des Landes „egal was passiert“ zu halten, nachdem ein schweres Gewitter die Freedom 250-Manifestation unterbrochen hatte …",Trump to give July 4 speech 'no matter what',"United States President Donald Trump vowed to deliver the speech on the 250th anniversary of the founding of the country, ""no matter what,"" after a severe thunderstorm disrupted the Freedom 250 manife...","Trump to give July 4 speech 'no matter what'. United States President Donald Trump vowed to deliver the speech on the 250th anniversary of the founding of the country, ""no matter what,"" after a severe thunderstorm disrupted the Freedom 250 manife...","BUCINUM ad diem 4 Iulii orationem 'quacumque'. Praeses Americae Foederatae Rei Publicae Donald Trump vovit orationem die 250 anniversario urbis conditae ""quacumque"" post gravem tonitruum libertatem 250 manifesto disiecisse.",https://biztoc.com/x/51599a0766b68e1f,https://biztoc.com/cdn/51599a0766b68e1f_s.webp,,"United States President Donald Trump vowed to deliver the speech on the 250th anniversary of the founding of the country, ""no matter what,"" after a severe thunderstorm disrupted the Freedom 250 manif… [+69 chars]",,2026-07-07 17:13:15+00:00,wmo,United States,CNA,North-America
f135d9095224074263e2f1ac99a0bd1e,2026-07-05T02:45:38Z,Storm,Storm United States,biztoc.com,en,0.7,"Die Freedom 250-Veranstaltung wird fortgesetzt, Trump wird um 23 Uhr sprechen. Die Freedom 250-Veranstaltung zum Jahrestag der Gründung der Vereinigten Staaten, die am frühen Abend durch ein Gewitter unterbrochen wurde, wird auf Anordnung von US-Präsident Donald Trump wieder aufgenommen.","Freedom 250 event resumes, Trump to speak at 11 pm","The Freedom 250 event to mark the anniversary of the founding of the United States, which was disrupted by a thunderstorm earlier in the evening, will resume at the order of US President Donald Trump,...","Freedom 250 event resumes, Trump to speak at 11 pm. The Freedom 250 event to mark the anniversary of the founding of the United States, which was disrupted by a thunderstorm earlier in the evening, will resume at the order of US President Donald Trump,...","Libertas 250 res repetit, Trump loqui ad 11 post meridiem. Libertas 250 eventus est notare anniversarium fundationis Civitatum Americae Unitarum, quae ante vesperum tonitribus turbabatur, iussu praesidis US Donald Trump resumet.",https://biztoc.com/x/3cbd9ff05de775ad,https://biztoc.com/cdn/3cbd9ff05de775ad_s.webp,,"The Freedom 250 event to mark the anniversary of the founding of the United States, which was disrupted by a thunderstorm earlier in the evening, will resume at the order of US President Donald Trump… [+69 chars]",,2026-07-07 17:13:15+00:00,wmo,United States,CNA,North-America
a963b235dc5e9d867871161ac0457d92,2026-07-05T05:06:46Z,Storm,Storm United States,english.khabarhub.com,en,0.7,"Die USA begehen den 250. Jahrestag der Unabhängigkeit mit einem Feuerwerk. WASHINGTON DC: Die Vereinigten Staaten feierten den 250. Jahrestag ihrer Unabhängigkeit mit Feuerwerk, Militärüberflügen und öffentlichen Veranstaltungen, trotz Unwettern mit Gewittern und einer anhaltenden Hitzewelle, die weite Teile des Landes heimsuchte. Bei einem …",US marks 250th independence anniversary with fireworks,"WASHINGTON DC: The United States celebrated the 250th anniversary of its independence with fireworks, military flyovers and public events, despite severe weather that included thunderstorms and a prolonged heat wave affecting large parts of the country. At a …","US marks 250th independence anniversary with fireworks. WASHINGTON DC: The United States celebrated the 250th anniversary of its independence with fireworks, military flyovers and public events, despite severe weather that included thunderstorms and a prolonged heat wave affecting large parts of the country. At a …","US marcas 250th libertatem anniversariam cum pompa. WASHINGTON DC: Civitates Foederatae 250th anniversarium independentiae suae cum pompis, volatilibus militaribus et eventis publicis celebraverunt, quamquam tempestas gravissima quae tonitribus inclusa est et aestus diuturnus fluctus magnas regionis partes afficit. In a ...",https://english.khabarhub.com/2026/05/556983/,https://english.khabarhub.com/wp-content/uploads/2026/07/US-Independence-Reuters.webp,,"WASHINGTON DC: The United States celebrated the 250th anniversary of its independence with fireworks, military flyovers and public events, despite severe weather that included thunderstorms and a pro… [+1414 chars]",,2026-07-07 17:13:15+00:00,wmo,United States,CNA,North-America
67c196ae062290b485d3cfbb3a887ad2,2026-07-06T02:03:15Z,Thunderstorm,Hail United States,freerepublic.com,en,0.7,"Trump begrüßt die USA am 4. Juli als „Licht und Ruhm“ der Welt und verurteilt den „Krebs“ des Kommunismus. WASHINGTON – Präsident Trump feierte am Samstagabend den 250. Geburtstag der Vereinigten Staaten mit einer Rede, in der er den „Ruhm“ Amerikas würdigte und gleichzeitig versprach, es vor dem „Krebs“ des Kommunismus zu schützen. „Seit 250 Jahren sind die Vereinigten Staaten von Amerika …","Trump hails US as ‘light and the glory’ of the world on 4th of July, condemns ‘cancer’ of communism","WASHINGTON – President Trump marked the 250th birthday of the United States Saturday night with a speech paying tribute to the “glory” of America while vowing to protect it from the “cancer” of communism. “For 250 years, the United States of America has been …","Trump hails US as ‘light and the glory’ of the world on 4th of July, condemns ‘cancer’ of communism. WASHINGTON – President Trump marked the 250th birthday of the United States Saturday night with a speech paying tribute to the “glory” of America while vowing to protect it from the “cancer” of communism. “For 250 years, the United States of America has been …","BUCINUM salutat nos ut 'lucem et gloriam mundi die 4 mensis Iulii' damnat 'cancrum communismi'. WASHINGTON - Praeses Trump nocte Sabbati natalem CCL Civitatum Americae Unitarum notavit cum oratione ""gloriae"" Americae solvens, dum vovet ut eam communitatis ""cancer"" defendat. ""Pro CCL annis, Civitatibus Foederatis Americae Septentrionalis fuit ...",https://freerepublic.com/focus/f-chat/4386817/posts,,,"Skip to comments.
Trump hails US as light and the glory of the world on 4th of July, condemns cancer of communismNY Post ^
 | 7/05/26
 | Emily Goodin, Ally Goelz
Posted on 07/05/2026 7:03:15 PM P… [+3008 chars]",,2026-07-07 17:13:15+00:00,wmo,United States,CNA,North-America
c5f0a14b9b4be142539aea22a314b06b,2026-07-06T14:00:00Z,Flood,Flood Le Flore OK,journals.plos.org,en,0.3,"Abschätzung der Belastung durch Leptospirose in der Karibik: Erkenntnisse aus Umwelt- und soziodemografischen Faktoren. Zusammenfassung des Autors Leptospirose ist eine bakterielle Infektion, die sowohl Tiere als auch Menschen befällt und in der Karibik häufig vorkommt. Dennoch mangelt es vielen Ländern und Territorien in der Region an zuverlässigen und aktuellen Informationen über Krankheitsinzidenz und Mortalität. Das …",Estimating the burden of leptospirosis in the Caribbean: Insights from environmental and sociodemographic factors,"Author summary Leptospirosis is a bacterial infection that affects both animals and humans and is common across the Caribbean. Yet, many countries and territories in the region lack reliable and up-to-date information on disease incidence and mortality. This …","Estimating the burden of leptospirosis in the Caribbean: Insights from environmental and sociodemographic factors. Author summary Leptospirosis is a bacterial infection that affects both animals and humans and is common across the Caribbean. Yet, many countries and territories in the region lack reliable and up-to-date information on disease incidence and mortality. This …","Onus leptospirosis in Caribbean aestimandis: Insights ab factoribus environmental et sociodemographicis. Auctor epitome Leptospirosis est contagio bacterial quae tam animalia quam homines afficit et per Caribbean communis est. Attamen, multae nationes et territoria regionis in morbis incidentiae et mortalitatis notitias certissimis et recentibus carent. Hoc ...",https://journals.plos.org/plosntds/article?id=10.1371/journal.pntd.0013876,https://journals.plos.org/plosntds/article/figure/image?id=10.1371/journal.pntd.0013876.g003&size=inline,,"Abstract
Introduction
Previous studies up to early 2000s found that leptospirosis incidence in humans was high across the Caribbean region (CR), yet up-to-date and reliable surveillance data are sc… [+50388 chars]",,2026-07-08 16:29:35+00:00,wmo,United States,CNA,North-America
031dd48d9b5e7438a35944e95e2adaa1,2026-07-03T12:00:48Z,Thunderstorm,Thunderstorm Canada,www.vulture.com,en,0.2,"Die 10 besten Filme und Fernsehsendungen, die Sie dieses Wochenende sehen können. Zu den besten neuen Filmen und TV-Ausstrahlungen dieses langen Wochenendes gehören „Minions & Monsters“, „Elle“, eine zweite Staffel von „X-Men ’97“ und ein Extended Cut von „Backrooms“. Außerdem sagt Ihnen Drehbuchautor Brian Lynch, was Sie sich ansehen sollten.",The 10 Best Movies and TV Shows to Watch This Weekend,"This long weekend’s best new films and TV out include ‘Minions & Monsters,’ ‘Elle,’ a second season of ‘X-Men ‘97,’ and a ‘Backrooms’ extended cut. Plus screenwriter Brian Lynch tells you what to watch.","The 10 Best Movies and TV Shows to Watch This Weekend. This long weekend’s best new films and TV out include ‘Minions & Monsters,’ ‘Elle,’ a second season of ‘X-Men ‘97,’ and a ‘Backrooms’ extended cut. Plus screenwriter Brian Lynch tells you what to watch.","10 Optima Movies et TV spectacula ad hoc volutpat vestibulum vigilandum. Hoc longum tempus optimus novus cinematographicus et TV out includit 'Minions & Monsters,' 'Elle,' alterum tempus de 'X-Men' 97,' et 'incidere' extenditur 'Backrooms'. Plus screenwriter Brian Lynch narrat tibi quid vigilare.",http://www.vulture.com/article/what-to-watch-this-weekend-best-new-movies-tv-shows-july-3-5.html,https://pyxis.nymag.com/v1/imgs/49a/6f6/0d4a61f05637ccee5174c5d832212b165d-streamliner-07-02-2026.1x.rsocial.w1200.jpg,,"Happy four(th)-day weekend! Nothing like extra time to yourself to figure out how to avoid the absolute heat wave incoming. While the holiday itself will present a variety of activities, there is one… [+7543 chars]",,2026-07-10 21:05:12+00:00,wmo,Canada,NEN,North-America
a51af7b3a9d8a33b8bca6e75d38bb139,2026-07-03T12:54:31Z,Fog,Fog United States,economictimes.indiatimes.com,en,0.2,"Wettervorhersage für den 4. Juli in den USA: „Potenziell die heißeste aller Zeiten“, da die Hitzekuppel die Temperaturen in mehreren Bundesstaaten auf über 100 Grad ansteigen lässt. Wetterupdate für den 4. Juli: Millionen Menschen im Osten der USA sind an diesem Wochenende des 4. Juli mit gefährlicher Hitze konfrontiert, wobei die Temperaturen aufgrund einer Hitzekuppel möglicherweise 115 Grad Fahrenheit erreichen können.  Meteorologen warnen vor rekordverdächtigen Höchstwerten und wenig …",Fourth of July weather forecast in US: “Potentially the hottest ever” as heat dome sends temperatures soaring above 100 degrees across multiple states,"Fourth of July weather update: Millions across the eastern United States face dangerous heat this Fourth of July weekend, with temperatures potentially reaching 115 degrees Fahrenheit due to a heat dome.  Forecasters warn of record-breaking highs and little o…","Fourth of July weather forecast in US: “Potentially the hottest ever” as heat dome sends temperatures soaring above 100 degrees across multiple states. Fourth of July weather update: Millions across the eastern United States face dangerous heat this Fourth of July weekend, with temperatures potentially reaching 115 degrees Fahrenheit due to a heat dome.  Forecasters warn of record-breaking highs and little o…","Quartum Idus Iulii tempestas praecognoscet in US: ""Potentia calidissima semper"" sicut firmamentum caloris emittit temperaturas supra 100 gradus per plures civitates lapsas. Iuliae tempestatis renovatio quarta: Ingentis trans Civitates Americae orientalis periculum faciei caloris huius quarti Iulii volutpat, cum temperaturis 115 gradus Fahrenheit ob firmamenti calorem potentialiter attingens.  Vates monent recordum praevaricationem grauis et parum o…",https://economictimes.indiatimes.com/news/new-updates/fourth-of-july-weather-forecast-in-us-potentially-the-hottest-ever-as-heat-dome-sends-temperatures-soaring-above-100-degrees-across-multiple-states/articleshow/132162506.cms,"https://img.etimg.com/thumb/msid-132162485,width-1200,height-630,imgsize-368102,overlay-economictimes/articleshow.jpg",,"Millions of Americans heading out for Fourth of July celebrations may have to contend with a mix of dangerous heat, severe thunderstorms and flash flood threats as weather conditions vary dramaticall… [+4658 chars]",,2026-07-10 21:05:12+00:00,wmo,United States,CNA,North-America
e8470bb691d230e3d098e5cc81ba6bfc,2026-07-08T16:00:00Z,Heat Wave,warm spell Northern Territory,www.fool.com.au,en,0.2,"Betashares Nasdaq 100 ETF: Welche Aktien befinden sich tatsächlich im NDQ? Dieser ETF ist voller Tech-Stars. 
Der Beitrag Betashares Nasdaq 100 ETF: Welche Aktien befinden sich tatsächlich im NDQ? erschien zuerst auf The Motley Fool Australia.",Betashares Nasdaq 100 ETF: What stocks are actually in NDQ?,"This ETF is packed with tech stars. 
The post Betashares Nasdaq 100 ETF: What stocks are actually in NDQ? appeared first on The Motley Fool Australia.","Betashares Nasdaq 100 ETF: What stocks are actually in NDQ?. This ETF is packed with tech stars. 
The post Betashares Nasdaq 100 ETF: What stocks are actually in NDQ? appeared first on The Motley Fool Australia.","Betashares Nasdaq 100 ETF: Quae nervo actu in NDQ?. Hoc ETF tech sidera referta est. 
Post Betashares Nasdaq 100 ETF: Quae nervo actu in NDQ? apparuit primum in Australia The Motley Fool.",https://www.fool.com.au/2026/07/09/betashares-nasdaq-100-etf-what-stocks-are-actually-in-ndq/,https://www.fool.com.au/wp-content/uploads/2022/05/techo-1200x675.jpg,,"The BetaShares Nasdaq 100 ETF (ASX: NDQ) is one of the most popular exchange-traded funds (ETFs) on the ASX. In fact, it is currently the third-largest ETF covering international shares on our market… [+4372 chars]",,2026-07-10 21:05:12+00:00,acwe,Australia,NAU,Oceania
99a0e34f7437fe0309de9f97bfa796ff,2026-07-04T23:07:36Z,Storm,Storm Surge United States,www.nbcsports.com,en,0.3,"Philadelphia veranstaltet eine unglaubliche WM-Party zur Feier des 250. Geburtstags der USA. Philadelphia tat alles, um die Welt willkommen zu heißen, denn der Geburtsort der USA lieferte am 4. Juli eine denkwürdige Show im 250-Meter-Lauf und ein WM-K.-o.-Duell.",Philadelphia delivers incredible World Cup party to celebrate America's 250th Birthday,Philadelphia went all out to welcome the world as the birthplace of the USA put on a memorable show for July 4th 250 and a World Cup knockout clash.,Philadelphia delivers incredible World Cup party to celebrate America's 250th Birthday. Philadelphia went all out to welcome the world as the birthplace of the USA put on a memorable show for July 4th 250 and a World Cup knockout clash.,Philadelphia incredibilem factionem Mundi Calicem tradit ad celebrandum dies CCL dies natalis Americae. Philadelphia exivit omnes ad mundum excipiendum sicut in USA natale solum memorabile spectaculum pro Iulio 4th 250 et in concursu World Cup knockout posuit.,https://www.nbcsports.com/soccer/news/philadelphia-delivers-incredible-world-cup-party-to-celebrate-americas-250th-birthday,https://s.yimg.com/lo/mysterio/api/6e61725d2a76cb43cd783b16668a9e94c49735ed98a183994974425825bea492/lightyear_networkapi/resizefill_w1200;quality_80;format_webp/https:%2F%2Fmedia.zenfs.com%2Fen%2Fnbcsports.com%2F165462dd6b63f758ac7bc8f70ff9e6c5,,"PHILADELPHIA From the moment you arrived in Philadelphia, you understood how much they've loved hosting 2026 World Cup games and how electric and emotional this double celebration on America's 250th … [+14986 chars]",,2026-07-10 21:05:12+00:00,wmo,United States,CNA,North-America
6677c9a958589fbbf33873f6d5561593,2026-07-08T14:03:00Z,Precipitation,Rain The Tararua Range,www.prnewswire.com,en,0.3,"Die Veterans United Foundation vergibt Stipendien in Höhe von 200.000 US-Dollar an 25 Veteranen und Militärfamilien. Das jährliche Stipendienprogramm erreicht einen historischen Meilenstein und würdigt die Opfer von Veteranen, überlebenden Ehepartnern und Kindern der Gefallenen mit der höchsten Auszeichnungsklasse in der 14-jährigen Geschichte des Programms. COLUMBIA, Missouri, 8. Juli 2026 /PRNewswire/ -- Veterans United …","Veterans United Foundation Awards $200,000 in Scholarships to 25 Veterans and Military Families","Annual scholarship program reaches historic milestone, honoring the sacrifice of Veterans, surviving spouses and children of the fallen with the largest award class in the program's 14-year history. COLUMBIA, Mo., July 8, 2026 /PRNewswire/ -- Veterans United …","Veterans United Foundation Awards $200,000 in Scholarships to 25 Veterans and Military Families. Annual scholarship program reaches historic milestone, honoring the sacrifice of Veterans, surviving spouses and children of the fallen with the largest award class in the program's 14-year history. COLUMBIA, Mo., July 8, 2026 /PRNewswire/ -- Veterans United …","Veterani Fundationis Awards United $200,000 in Scholarships ad XXV Veterani et Familiae Militiae. Progressio annua doctrina miliarium historicum attingit, sacrificium venerans Veteranorum, coniuges et filii lapsorum superstites cum maximo laudum genere in progressionis historia 14 annorum. COLUMBIA, Mo, die 8 iulii 2026 / PRNewswire/",https://www.prnewswire.com/news-releases/veterans-united-foundation-awards-200-000-in-scholarships-to-25-veterans-and-military-families-302820278.html,https://mmx.prnewswire.com/media/MS1828056/Veterans-United-Foundation-Logo.jpg?id=OA2754230&p=facebook,,"Annual scholarship program reaches historic milestone, honoring the sacrifice of Veterans, surviving spouses and children of the fallen with the largest award class in the program's 14-year history.… [+7459 chars]",,2026-07-10 21:05:12+00:00,wmo,New Zealand,NZ,Oceania
e0a202d2ba6751a9a88082aaf1500974,2026-07-08T10:00:24Z,Flood,Flooding Washington LA Pearl River MS,www.barchart.com,en,0.2,Was Sie vom nächsten vierteljährlichen Ergebnisbericht von PG&E erwarten können. PG&E wird in Kürze die Ergebnisse für das zweite Quartal veröffentlichen und Analysten erwarten ein starkes zweistelliges EPS-Wachstum.,What to Expect From PG&E’s Next Quarterly Earnings Report,"PG&E is set to report Q2 results soon, and analysts are expecting strong double-digit EPS growth.","What to Expect From PG&E’s Next Quarterly Earnings Report. PG&E is set to report Q2 results soon, and analysts are expecting strong double-digit EPS growth.","Quid expectes Ex PG&E's Next Quarterly CAPTURA Report. PG&E ponitur mox proventus Q2 nuntiare, et analystae firmum duplicem digitum EPS incrementum exspectant.",https://www.barchart.com/story/news/3179662/what-to-expect-from-pg-es-next-quarterly-earnings-report,https://s.yimg.com/lo/mysterio/api/0E53A1EBC645A0F01DB7A04253A6A14E4F6C036546DC4F0BD05DA9062AE45C45/subgraphmysterio/resizefill_w1200_h800;quality_80;format_webp/https:%2F%2Fmedia.zenfs.com%2Fen%2Fbarchart_com_477%2F60d11e834b639dc78243686f9f284259,,"PG&amp;E Corp_ money transfer truck-by travelview via iStock
Valued at a market cap of $45 billion, PG&amp;E Corporation (PCG) is one of the largest regulated electric and natural gas utility holdin… [+2131 chars]",,2026-07-11 02:29:12+00:00,wmo,United States,CNA,North-America
81419b36751a3618a9d9be015e38024a,2026-07-08T04:01:00Z,Wildfire,Wildfire Lower Columbia Basin of Oregon,science.nasa.gov,en,0.2,Cottonwood Fire Chars Utah. Das Feuer brannte mehr als 150 Quadratmeilen nieder und erfasste Teile eines Skigebiets.,Cottonwood Fire Chars Utah,The blaze burned more than 150 square miles and swept through parts of a ski resort.,Cottonwood Fire Chars Utah. The blaze burned more than 150 square miles and swept through parts of a ski resort.,Cottonwood Fire Chars Utah. Ex incendio plusquam 150 milia passuum quadratorum per partes ski exarsere et rapitur.,https://science.nasa.gov/earth/earth-observatory/cottonwood-fire-chars-utah/,https://assets.science.nasa.gov/content/dam/science/esd/eo/images/iotd/2026/cottonwood-fire-chars-utah/utcottonwoodfire_oli_20260629_th.jpg/jcr:content/renditions/cq5dam.web.1280.1280.jpeg,,"After a winter of below-average snowpack and an unusually warm and dry start to summer, the National Interagency Fire Center warned that the Great Basin and parts of the Rockies faced an elevated ris… [+5580 chars]",,2026-07-11 11:03:48+00:00,wmo,United States,CNA,North-America
0f662ed1e3558684d1fc6d3f853922cb,2026-07-02T08:42:15Z,Flood,Flooding Pulaski IL Ballard KY,www.thehindubusinessline.com,en,0.2,Die Einnahmen an den indischen Kinokassen stiegen im ersten Halbjahr um 21 %: Multiplex Association. Die verbesserten Sammlungen sind neben einem Anstieg der Ticketpreise auf höhere Besucherzahlen in U-Bahnen und sogar kleineren Zentren zurückzuführen,Indian box office collections surged 21% in H1: Multiplex Association,"The improved collections have been attributed to higher footfalls across metros and even smaller centres, besides an increase in ticket prices","Indian box office collections surged 21% in H1: Multiplex Association. The improved collections have been attributed to higher footfalls across metros and even smaller centres, besides an increase in ticket prices","Collectiones in officio capsulae Indicae 21% in H1: Multiplex Consociatio. Emendatae collectiones altioribus gressibus per metros et etiam minora centra attributa sunt, praeter auctum tessera pretiis.",https://www.thehindubusinessline.com/news/variety/indian-box-office-collections-surged-21-in-h1-multiplex-association/article71173633.ece,https://bl-i.thgim.com/public/incoming/bdwvjr/article70751134.ece/alternates/LANDSCAPE_1200/IMG_iStock-1007557230_2_1_I8CJ91IB.jpg,,"Domestic box office collections in the first six months of the year across Indian multiplexes recorded a 21 per cent increase over the corresponding period in 2025, estimates released by the Multiple… [+1774 chars]",,2026-07-11 20:44:46+00:00,wmo,United States,CNA,North-America
921c58e082f738b596462c77c8b2f385,2026-07-13T12:16:13Z,Snow&Ice,Ice Australia,www.globalresearch.ca,en,0.7,"„Uranium Diets“, Verkauf von australischem Uran an Indien: Kernenergie, Modi in Melbourne. Es war eine unangenehme Angelegenheit, aber australische Politiker haben sich an die Kriecherpraktiken gewöhnt, die mit einer Kapitulation vor der Macht einhergehen. 
Bei seinem Besuch in Melbourne wurde der indische Premierminister Narendra Modi, wie schon bei einer früheren Reise, begrüßt ……","“Uranium Diets”, Sale of Australian Uranium to India: Nuclear Energy, Modi in Melbourne","It was a distasteful affair, but Australian politicians have become accustomed to those toadying practices that accompany capitulations to power. 
On his visit to Melbourne, Indian Prime Minister Narendra Modi was, as he had been on a previous trip, greeted ……","“Uranium Diets”, Sale of Australian Uranium to India: Nuclear Energy, Modi in Melbourne. It was a distasteful affair, but Australian politicians have become accustomed to those toadying practices that accompany capitulations to power. 
On his visit to Melbourne, Indian Prime Minister Narendra Modi was, as he had been on a previous trip, greeted ……","Uranium Dieta, Uranium Australiae in India: Energy nuclei, Modi in Melbourne. Odiosa res erat, sed politici Australiani his adsueverunt exercitiis hodiernis, quae capitulationes ad potentiam comitantur. 
In Melbourne visitavit, Primus minister Narendra Modi Indian erat, qui in itinere priore fuerat, salutavit ......",https://www.globalresearch.ca/nuclear-energy-modi-australia/5933127,https://www.globalresearch.ca/wp-content/uploads/2026/07/Ranger_3_open_pit-uranium-australia.jpg,,"It was a distasteful affair, but Australian politicians have become accustomed to those toadying practices that accompany capitulations to power. 
On his visit to Melbourne, Indian Prime Minister Na… [+8709 chars]",,2026-07-14 16:13:33+00:00,wmo,Australia,CAU,Oceania
fb6a6a95bc4dc5526567f8e293610b0e,2026-07-02T12:01:22Z,Heat Wave,Heat Wave heatwave,www.dailymail.com,en,0.7,"Eine weitere Hitzewelle und IMMER NOCH keine Klimaanlage: Die Geschäfte sind ausverkauft, da Großbritannien während der fünftägigen Explosion auf den Azoren glühenden Temperaturen von 30 °C ausgesetzt ist. Die Geschäfte sind ausverkauft, nachdem Hausbesitzer die Geräte gekauft haben, um sich während der Hitzewellen im Mai und Juni, die in beiden Monaten die heißesten Tage seit Beginn der Aufzeichnungen brachten, kühl zu halten.",Another heatwave and STILL no air con: Shops sell out as Britain faces sweltering 30C temperatures in five-day Azores blast,Shops are sold out after homeowners bought the units to keep cool during the May and June heatwaves which brought the hottest days on record for both months.,Another heatwave and STILL no air con: Shops sell out as Britain faces sweltering 30C temperatures in five-day Azores blast. Shops are sold out after homeowners bought the units to keep cool during the May and June heatwaves which brought the hottest days on record for both months.,Alius heatwave et TAMEN nullum aerem con: officinae vendunt ut Britanniam 30C temperaturas in quinque-die Azores flatus facies recreet. Tabernae venditae sunt postquam homeowners unitates emerunt ad refrigerandum in mense Maio et Iunio heatwaves quae calidissimas dies utriusque mensis in testimonium attulerunt.,https://www.dailymail.com/news/article-15947197/UK-heatwave-air-conditioning-Met-Office.html,https://i.dailymail.com/1s/2026/07/02/13/109747187-0-image-m-88_1782993666453.jpg,,"Brits struggled to buy air conditioning units today as the country braced for its third heatwave in six weeks after the Government issued another health alert.
Shops are sold out after homeowners bo… [+7817 chars]",,2026-07-15 16:21:01+00:00,wmo,India,SAS,Asia
23cc05f7f3f1b635db23031fd4680d1a,2026-07-06T18:27:24Z,Heat Wave,Heat Wave heatwave,freerepublic.com,en,0.7,"Aufgrund der Wetterwarnung wird eine Hitzewelle erwartet [Irland]. In Teilen des Landes könnten die Temperaturen diese Woche auf 30 Grad steigen, wobei Met Éireann eine Wetterwarnung zu den erwarteten Hitzewellenbedingungen herausgibt. Die Wetterwarnung, die von Mittwoch bis Dienstag nächster Woche gilt, besagt, dass die Tagesmaxima…",Heatwave conditions expected as weather advisory issued [Ireland],"Temperatures could climb to 30 degrees in parts of the country this week, with Met Éireann issuing a weather advisory over expected heatwave conditions. The weather advisory, which is in place from Wednesday until Tuesday next week, states that daytime maxima…","Heatwave conditions expected as weather advisory issued [Ireland]. Temperatures could climb to 30 degrees in parts of the country this week, with Met Éireann issuing a weather advisory over expected heatwave conditions. The weather advisory, which is in place from Wednesday until Tuesday next week, states that daytime maxima…","Conditiones Heatwave exspectantur ut tempestas advisoria edita [Hibernia]. Temperaturae ad 30 gradus in partibus regionis hac septimana ascendere potuerunt, cum Met Éireann ediderit tempestatum consiliarium super condiciones caloris expectatae. Tempestas consultoria, quae in loco a die mercurii usque ad diem Martis proximam hebdomadem est, affirmat diem maximum...",https://freerepublic.com/focus/f-chat/4386908/posts,,,"Skip to comments.
Heatwave conditions expected as weather advisory issued [Ireland]RTÉ News ^
 | Monday, 6 Jul 2026 18:38
 | Kevin OMahony
Posted on 07/06/2026 11:27:24 AM PDT by Olog-hai
Temper… [+2076 chars]",,2026-07-15 16:21:01+00:00,wmo,India,SAS,Asia
e58fdddc8cd48845a5356a7e6834d49c,2026-07-04T17:31:51Z,Precipitation,Rain India,economictimes.indiatimes.com,en,0.7,"Inmitten starker Regenfälle wurden fünf Flüge nach Mumbai zu nahegelegenen Flughäfen umgeleitet. In Mumbai kam es am Samstag zu schweren Störungen, da sintflutartige Regenfälle und eingeschränkte Sicht dazu führten, dass fünf Flüge umgeleitet wurden, darunter drei von IndiGo und zwei von Air India. Letztlich gelang es vier dieser Flüge, zu ihrem ursprünglichen Ziel zurückzukehren …","Amid heavy rains, five Mumbai-bound flights diverted to nearby airports","Mumbai was heavily disrupted on Saturday as torrential rains and limited visibility resulted in five flights being rerouted, including three operated by IndiGo and two by Air India. Ultimately, four of these flights managed to return to their original destina…","Amid heavy rains, five Mumbai-bound flights diverted to nearby airports. Mumbai was heavily disrupted on Saturday as torrential rains and limited visibility resulted in five flights being rerouted, including three operated by IndiGo and two by Air India. Ultimately, four of these flights managed to return to their original destina…","Inter imbres graves quinque volatus Mumbai-ligatus ad proximos nisl propinquos divertit. Mumbai die Sabbati graviter disrupit ut imbres torrentes et visibilis limitata consecuta est in quinque volatus circumductis, in quibus tres ab Indigo et duo ab Air India operati sunt. Postremo quattuor ex his volatus ad pristinum destinatum redire curaverunt…",https://economictimes.indiatimes.com/industry/transportation/airlines-/-aviation/amid-heavy-rains-five-mumbai-bound-flights-diverted-to-nearby-airports/articleshow/132185092.cms,"https://img.etimg.com/thumb/msid-132185097,width-1200,height-630,imgsize-43286,overlay-economictimes/articleshow.jpg",,"Mumbai, As many as five Mumbai-bound flights, including three operated by IndiGo and two by Air India, were diverted to nearby airports on Saturday due to unstable approaches, heavy rain and low visi… [+904 chars]",,2026-07-16 16:16:30+00:00,wmo,India,SAS,Asia
c3e876ffb6501f11c4a9460310b1f85d,2026-07-06T13:19:08Z,Precipitation,Torrential Rain India,www.thehindubusinessline.com,en,0.7,"Der Monsun erholt sich in ganz Indien, aber im Nordosten warten immer noch Regenfälle. Am stärksten betroffen ist Zentralindien, das nach tagelangen sintflutartigen Regenfällen maximale Zuwächse verzeichnet und das Defizit auf 14 Prozent verringert, sodass es in die „normale Kategorie“ einsteigt.","Monsoon recovers across India, but North-East still awaits rains","Worst-hit Central India emerges with maximum gains after torrential rain for days together, with deficit narrowing to 14 per cent for it to enter ‘normal category’","Monsoon recovers across India, but North-East still awaits rains. Worst-hit Central India emerges with maximum gains after torrential rain for days together, with deficit narrowing to 14 per cent for it to enter ‘normal category’","Monsoon trans Indiam recuperat, at North-Oriens adhuc pluvias manet. Pessimum Central India emergit cum maximo lucro post imbrem torrentem per dies simul, cum defectubus angustiis ad 14 centesimae pro eo ut ingrediatur categoriam normalem.",https://www.thehindubusinessline.com/economy/agri-business/monsoon-recovers-across-india-but-north-east-still-awaits-rains/article71189028.ece,https://bl-i.thgim.com/public/incoming/utjo05/article71189058.ece/alternates/LANDSCAPE_1200/MonsnJul6pm.jpg,,"The monsoon continues to build on a comeback after days of sustained, widespread rainfall erasing much of the seasons early shortfall. Worst-affected regions Central India and the South Peninsula, ar… [+3149 chars]",,2026-07-16 16:16:30+00:00,wmo,India,SAS,Asia
d728c93b6cdbe897893dc535eebc9e0e,2026-07-08T10:55:53Z,Precipitation,Torrential Rain India,www.rt.com,en,0.7,"Paar gelingt auf wundersame Weise die Flucht vor einem Erdrutsch in Indien (VIDEO). Vier Menschen kamen bei einem Erdrutsch im Bezirk Wayanad in Kerala ums Leben, als sintflutartige Monsunregen die Region heimsuchten, während CCTV die dramatische Flucht eines Paares festhielt",Couple makes miraculous escape from landslide in India (VIDEO),"Four people were killed in a landslide in Kerala’s Wayanad district as torrential monsoon rains battered the region, while CCTV captured a couple’s dramatic escape","Couple makes miraculous escape from landslide in India (VIDEO). Four people were killed in a landslide in Kerala’s Wayanad district as torrential monsoon rains battered the region, while CCTV captured a couple’s dramatic escape","Coniuges miraculosos ex lapsu in Indiae fugas (VIDEO). Quattuor homines in propatulo in regione Kerala Wayanad interfecti sunt sicut monsoons imbres torrentes regionem quassati sunt, cum CCTV duorum effugium dramaticum cepit.",https://www.rt.com/india/642728-miraculous-escape-landslide-kerala/,https://mf.b37mrtl.ru/files/2026.07/article/6a4e2d1e85f5407c953c222a.jpg,,"A couple made a miraculous escape from a landslide during a devastating spell of torrential monsoon rains that claimed four lives in a mountainous district in India’s southern state.
Four people wer… [+1856 chars]",,2026-07-16 16:16:30+00:00,wmo,India,SAS,Asia
644996005d5ac05f9b172f25ddd6f501,2026-07-09T01:43:49Z,Precipitation,Rain India,economictimes.indiatimes.com,en,0.7,"Monsun verwüstet Delhi und Mumbai; 11 Personen befürchteten, beim Einsturz eines Gebäudes in Pune eingeschlossen zu sein. Heftige Monsunregen erschütterten Indien und führten zu großflächigen Überschwemmungen und Störungen. Sturzfluten und Staunässe betrafen Delhi, Mumbai und Gujarat, wobei mehrere Todesfälle gemeldet wurden. In Maharashtra kam es aufgrund anschwellender Flüsse zu Erdrutschen und Unterbrechungen des Zugverkehrs. Ke…","Monsoon batters Delhi, Mumbai; 11 feared trapped in Pune building collapse","Heavy monsoon rains battered India, causing widespread floods and disruptions. Flash floods and waterlogging affected Delhi, Mumbai, and Gujarat, with several deaths reported. Maharashtra faced landslides and disrupted train services due to swollen rivers. Ke…","Monsoon batters Delhi, Mumbai; 11 feared trapped in Pune building collapse. Heavy monsoon rains battered India, causing widespread floods and disruptions. Flash floods and waterlogging affected Delhi, Mumbai, and Gujarat, with several deaths reported. Maharashtra faced landslides and disrupted train services due to swollen rivers. Ke…","Monsoon quatit Delhi, Mumbai; 11 Timui capti in pUne edificii ruina. Imbres graves ETESIAE Indiae quassatae sunt, inundationes et disruptiones diffundentes. Inundationes Flash et waterlogging affectus Delhi, Mumbai et Gujarat cum pluribus mortibus nuntiaverunt. Maharashtra ante proruit et turbato officia ob flumina tumida. Ke…",https://economictimes.indiatimes.com/news/india/delhi-mumbai-grapple-with-monsoon-havoc-11-feared-trapped-in-pune-building-collapse-amid-heavy-rain/articleshow/132275026.cms,"https://img.etimg.com/thumb/msid-132275048,width-1200,height-630,imgsize-320938,overlay-economictimes/articleshow.jpg",,"New Delhi: Heavy monsoon rains battered large parts of the country on Wednesday, triggering flash floods and widespread disruption to rail and road traffic, with 11 people feared trapped under a coll… [+7428 chars]",,2026-07-16 16:16:30+00:00,wmo,India,SAS,Asia
c01593fbbbaf7c64b1e9ba0e37b1e09b,2026-07-09T13:00:20Z,Precipitation,Torrential Rain India,economictimes.indiatimes.com,en,0.7,"Die Monsunwut erschüttert mehrere Bundesstaaten und stört das normale Leben im Norden und Westen Indiens. Sintflutartige Monsunregen verursachten am Donnerstag in ganz Indien weitreichende Zerstörungen. Straßen und Wohngebiete blieben überschwemmt, was das normale Leben und den Verkehrsfluss störte. Die Rettungsaktionen wurden nach dem Einsturz eines Gebäudes in einer Müllverbrennungsanlage in Mahar fortgesetzt.","Monsoon fury batters several states, disrupts normal life across north, west India","Torrential monsoon rains caused widespread destruction across India on Thursday. Roads and residential areas remained submerged, disrupting normal life and traffic flow. Rescue operations continued after a building collapse at a waste-to-energy plant in Mahar…","Monsoon fury batters several states, disrupts normal life across north, west India. Torrential monsoon rains caused widespread destruction across India on Thursday. Roads and residential areas remained submerged, disrupting normal life and traffic flow. Rescue operations continued after a building collapse at a waste-to-energy plant in Mahar…","Monsoon furor plures civitates quassat, vitam communem trans septentrionem, Indiam occidentalem rumpit. ETESIA torrentia pluviae per Indiam die Iovis pervulgatam stragem effecit. Viae et areas residentiales submersae manserunt, normales vitam et commercium turbantes fluunt. Eripe operationes post ruinam aedificii in vastitate ad industriam plantae Mahar…",https://economictimes.indiatimes.com/news/india/monsoon-fury-batters-several-states-disrupts-normal-life-across-north-west-india/articleshow/132287384.cms,"https://img.etimg.com/thumb/msid-132287405,width-1200,height-630,imgsize-241766,overlay-economictimes/articleshow.jpg",,"New Delhi: Torrential monsoon rains unleashed widespread destruction across several parts of the country on Thursday, inundating roads, uprooting trees, damaging property and disrupting normal life, … [+5975 chars]",,2026-07-16 16:16:30+00:00,wmo,India,SAS,Asia
5135a4b35e2609576f7ffe9234e2cf6b,2026-07-12T16:10:55Z,Precipitation,Rain India,www.thehindubusinessline.com,en,0.7,"IMD: Monsunaktivität in weiten Teilen Indiens gedämpft, Uttarakhand in Alarmstufe Rot. Das IMD prognostiziert für die nächsten 2–3 Tage „vereinzelte starke bis sehr starke Regenfälle“ über Nordostindien, Westbengalen und Bihar und für 4–5 Tage vereinzelte schwere Regenfälle über Ost-Uttar Pradesh","IMD: Monsoon activity subdued in large parts of India, Uttarakhand on red alert","IMD predicts ‘isolated heavy to very heavy rainfall’ likely over northeast India, West Bengal, and Bihar during the next 2-3 days and isolated heavy falls over east Uttar Pradesh in 4-5 days","IMD: Monsoon activity subdued in large parts of India, Uttarakhand on red alert. IMD predicts ‘isolated heavy to very heavy rainfall’ likely over northeast India, West Bengal, and Bihar during the next 2-3 days and isolated heavy falls over east Uttar Pradesh in 4-5 days","IMD: Monsoon actio in magna Indiae partibus subacta, Uttarakhand rubris erecta est. IMD praedicit 'sematus gravibus pluviis gravissimis' verisimile per Indiam septentrionalem, West Bengalam, et Bihar proximos 2-3 dies et semotus graves casus in Uttar Pradesh orientalem per 4-5 dies.",https://www.thehindubusinessline.com/economy/agri-business/imd-monsoon-activity-subdued-in-large-parts-of-india-uttarakhand-on-red-alert/article71214720.ece,https://bl-i.thgim.com/public/incoming/h05r9k/article71214729.ece/alternates/LANDSCAPE_1200/PTI07_08_2026_000071A.jpg,,"Southwest Monsoon activity remained subdued in large parts of India on Sunday, with heavy rainfall confined to Uttarakhand, Himachal, West Bengal, and the northeastern states.
The India Meteorologic… [+4386 chars]",,2026-07-16 16:16:30+00:00,wmo,India,SAS,Asia
672378769eb85926a9624985e8ce9a67,2026-07-15T14:02:00Z,Flood,Flood India,thediplomat.com,en,0.7,"Die Monsunflut in Indien spiegelt den sich verschärfenden globalen Klimanotstand wider. Von Überschwemmungen bis hin zu Hitzewellen – kaskadierende Klimakatastrophen legen zunehmende Schwachstellen offen, die koordinierte wissenschaftliche und politische Reaktionen erfordern.",India’s Monsoon Deluge Reflects Intensifying Global Climate Emergency,"From floods to heatwaves, cascading climate disasters expose mounting vulnerabilities demanding coordinated scientific and policy responses.","India’s Monsoon Deluge Reflects Intensifying Global Climate Emergency. From floods to heatwaves, cascading climate disasters expose mounting vulnerabilities demanding coordinated scientific and policy responses.","Monsoon Deluge Reflects Intensifying Global Climate Emergency. Ex inundationibus ad heatwaves, calamitates climatis lapsus detegant, vulnerabilitates ascendentes exigentes responsa scientifica et consilium coordinata sunt.",https://thediplomat.com/2026/07/indias-monsoon-deluge-reflects-intensifying-global-climate-emergency/,https://thediplomat.com/wp-content/uploads/2026/07/sizes/td-story-s-2/thediplomat_2026-07-15-230419.jpg,,"In the first week of July, in Mumbais Mankhurd, torrential monsoon rains triggered a building collapse that buried five children beneath the debris, transforming one of the citys wettest July days in… [+19226 chars]",,2026-07-16 16:16:30+00:00,wmo,India,SAS,Asia
12d35f33fd5d5d5f974e91eaa315ae42,2026-07-06T08:55:12Z,Flood,Flashflood Calcasieu LA,www.nationalobserver.com,en,0.2,"Städte sind mit steigender Überschwemmungsgefahr mit Herausforderungen überschwemmt. Angesichts einer Immobilienkrise untergraben Regierungen ihre Widerstandsfähigkeit, indem sie Hochwasserschutzmaßnahmen und der Klimapolitik eine geringere Priorität einräumen – ein Fehler, der sich in einem Land, in dem sich bereits 1,5 Millionen Wohnungen in Hochrisikogebieten befinden, als kostspielig erweisen könnte.",Cities swamped with challenges as flood risk rises,"Facing a housing crisis, governments are undermining resiliency by deprioritizing flood prevention measures and climate policy — an error that could prove costly in a country where 1.5 million homes are already in high-risk areas.","Cities swamped with challenges as flood risk rises. Facing a housing crisis, governments are undermining resiliency by deprioritizing flood prevention measures and climate policy — an error that could prove costly in a country where 1.5 million homes are already in high-risk areas.","Urbes inundaverunt, cum periculum provocat sicut inundatio oritur. Adversus crisim habitationi, imperia invictam labefactant per diluvium praeventionis mensuras et consilia climatis — error qui pretiosos esse potuit in regione ubi 1.5 miliones domuum iam in summo periculo areae sunt.",https://www.nationalobserver.com/2026/07/06/news/cities-flooding-housing-crisis-infrastructure,https://www.nationalobserver.com/sites/default/files/img/2026/07/02/manflooding-070226-cpjohnwoods.JPG,,"On the afternoon of August 4, 2014, the sky opened up over Burlington, Ontario. 
An MPP at the time, Eleanor McMahon visited the site of the ensuing flood, where she destroyed pair after pair of sho… [+13290 chars]",,2026-07-17 11:20:50+00:00,wmo,United States,CNA,North-America
94b70e116a0cef3eaaeef01fde6622c6,2026-07-05T08:00:00Z,Storm,Storm Canada,www.cbc.ca,en,0.7,"Ratsmitglieder, MPPs rufen die Provinz nach der Überschwemmung am Canada Day um Hilfe. Mehrere Stadträte und MPPs von Ottawa haben einen offenen Brief unterzeichnet, in dem sie die Provinz auffordern, Mittel für die Katastrophenhilfe für Bewohner bereitzustellen, die nach dem Sturm der letzten Woche mit finanziellen Belastungen konfrontiert sind.","Councillors, MPPs call for help from province after Canada Day deluge",Several Ottawa city councillors and MPPs have signed an open letter calling on the province to make disaster relief funding available for residents facing financial burdens after last week’s storm.,"Councillors, MPPs call for help from province after Canada Day deluge. Several Ottawa city councillors and MPPs have signed an open letter calling on the province to make disaster relief funding available for residents facing financial burdens after last week’s storm.","Consiliarii, MPPs auxilium e provincia vocant post diluvium Canadae. Plures consiliarii civitatis Ottawa et MPPs litteras patentes conscripserunt ut in provincia vocaretur ad calamitatem subsidio sumptui praesto pro habitant adversus onera nummaria post ultimam hebdomadem tempestatem.",https://www.cbc.ca/news/canada/ottawa/councillors-mpps-call-for-help-from-province-after-canada-day-deluge-1.7561637,"https://i.cbc.ca/ais/3d6827e4-84de-490f-a144-7da102642030,1783210327452/full/max/0/default.jpg?im=Crop%2Crect%3D%280%2C15%2C1065%2C599%29%3BResize%3D620",,"Several Ottawa city councillors and MPPs have signed an open letter calling on the province to make disaster relief funding available for residents facing financial burdens after last weeks storm. 
… [+3574 chars]",,2026-07-17 11:20:50+00:00,wmo,Canada,NEN,North-America
e1504f3827577f1139129614cc2b435c,2026-07-01T03:23:14Z,Flood,Flashflood Brookings SD,theconversation.com,en,0.2,"Australische Musiker hassen es, dass KI ihre Songs nutzt, genießen aber kaum rechtlichen Schutz. Viele der beliebtesten Künstler Australiens – von AC/DC bis Kylie – wurden in riesigen KI-Datensätzen gefunden.","Australian musicians hate AI using their songs, but have little legal protection",Many of Australia’s favourite artists – from AC/DC to Kylie – have been found in massive AI datasets.,"Australian musicians hate AI using their songs, but have little legal protection. Many of Australia’s favourite artists – from AC/DC to Kylie – have been found in massive AI datasets.","Musici Australiani suis cantionibus AI utentes oderunt, sed parum patrocinium habent. Multi ex artificibus gratissimis Australiae - ab AC/DC ad Kylie - in massive AI datasets reperti sunt.",https://theconversation.com/australian-musicians-hate-ai-using-their-songs-but-have-little-legal-protection-286154,https://images.theconversation.com/files/745291/original/file-20260701-57-963kye.jpg?ixlib=rb-4.1.0&rect=0%2C562%2C6733%2C3366&q=45&auto=format&w=1356&h=668&fit=crop,,"Music from Kylie Minogue, John Farnham, INXS, Midnight Oil, AC/DC, Tones and I, Gotye, Ben Frost, Nick Cave, Tame Impala, Parkway Drive, The Living End and Vance Joy has been found in a database of 1… [+5532 chars]",,2026-07-18 02:14:39+00:00,wmo,United States,CNA,North-America
c462c622679155d944698f8cb72484ae,2026-07-01T14:35:41Z,Flood,Flood Aberfoyle,www.dailymail.com,en,0.2,"Von Influencern belagerte Farm installiert WLAN-Booster in ihren Lavendelfeldern, damit sie ihre Fotos hochladen können. Castle Farm in Shoreham, in der Nähe von Sevenoaks in Kent, öffnet seine 100 Hektar großen Lavendelfelder jedes Jahr im Juni und Juli für Spaziergänge, Picknicks und Fotos für die Öffentlichkeit.",Farm besieged by influencers puts wi-fi boosters in its lavender fields so they can upload their photos,"Castle Farm in Shoreham, near Sevenoaks in Kent, opens its 100 acres of lavender fields to the public every year in June and July for walks, picnics and photos.","Farm besieged by influencers puts wi-fi boosters in its lavender fields so they can upload their photos. Castle Farm in Shoreham, near Sevenoaks in Kent, opens its 100 acres of lavender fields to the public every year in June and July for walks, picnics and photos.","Fundus ab influentibus obsessus boosters wi-fi in suis casis agris ponit ut imagines suas immittere possint. Castle Farm in Shoreham prope Sevenoaks in Kent sua 100 acras casiarum agrorum aperit publico quotannis mense Iunio et Iulio ad ambulationes, picnics et imagines.",https://www.dailymail.com/news/article-15944865/Farm-besieged-influencers-wi-fi-boosters-lavender-fields.html,https://i.dailymail.com/1s/2026/07/01/14/109720255-0-image-m-32_1782913810646.jpg,,"A picturesque farm besieged by influencers has put up wi-fi boosters in its lavender fields to help cope with the number of social media users trying to upload photos.
Castle Farm in Shoreham, near … [+4001 chars]",,2026-07-18 02:14:39+00:00,wmo,United Kingdom,NEU,Europe
24b79b470d4dd999285ea9935528dc32,2026-07-03T17:00:37Z,Storm,Storm Surge Solomon Islands,www.rte.ie,en,0.2,"Irland will Schmidts Australien-Abschiedstour verderben. Andy Farrell und Joe Schmidt sind für ein Spiel hier, aber bevor sie über das Aufeinandertreffen im Allianz Stadium am Samstag sprechen konnten, mussten noch einige offene Fragen geklärt werden.",Ireland out to spoil Schmidt's Australian farewell tour,"Andy Farrell and Joe Schmidt are here for a game, but before they could talk about that clash at Allianz Stadium on Saturday, there have been some loose ends to tie up.","Ireland out to spoil Schmidt's Australian farewell tour. Andy Farrell and Joe Schmidt are here for a game, but before they could talk about that clash at Allianz Stadium on Saturday, there have been some loose ends to tie up.","Hibernia ad praedandum Schmidt's Australiae pretium vale. Andy Farrell et Joe Schmidt hic pro ludo sunt, sed antequam de illo conflictu apud Allianz Stadium die Sabbati loqui possent, aliqui fines soluti ligandi fuerunt.",https://www.rte.ie/sport/rugby/2026/0703/1581552-ireland-out-to-spoil-schmidts-australian-farewell-tour/,https://www.rte.ie/images/0024a162-1600.jpg,,"Andy Farrell and Joe Schmidt are here for a game, but before they could talk about that clash at Allianz Stadium on Saturday, there have been some loose ends to tie up.
The IRFU don't put Farrell up… [+8480 chars]",,2026-07-18 02:14:39+00:00,wmo,Solomon Islands,EPO,Oceania
0c2a544afcf4e6dce22fefc18d524cd2,2026-07-03T17:30:00Z,Flood,Flashflood Uvalde TX,www.nzherald.co.nz,en,0.2,Die Avocado-Ernte in Neuseeland dürfte in dieser Saison 8 Millionen Schalen erreichen. Typischerweise werden etwa 50 % der neuseeländischen Avocadoernte exportiert.,New Zealand avocado harvest tipped to hit 8 million trays this season,"Typically, around 50% of New Zealand’s avocado crop is exported.","New Zealand avocado harvest tipped to hit 8 million trays this season. Typically, around 50% of New Zealand’s avocado crop is exported.",Nova Zelandia avocado messis praefixa ad 8 decies centena millia fercula hoc tempore ferienda est. Typice circa L% de messis avocado Novae Zelandiae exportatur.,https://www.nzherald.co.nz/the-country/news/new-zealand-avocado-harvest-tipped-to-hit-8-million-trays-this-season/5HRTC37EUFEQROOMD6ZI3VMGAE/,https://www.nzherald.co.nz/resizer/v2/3LT7BVNNXJHXHDZXGZA5PVU4CM.jpg?auth=ec110deaaf47907936c02b37c46f0bc2e9613a23642a1dbd9d711bb63d61b3b4&width=1200&height=675&quality=70&focal=1005%2C881&smart=false,,"This market mix allows the industry to capitalise on strong opportunities in Australia while continuing to advance the industrys long-term market diversification strategy, Siebert said.
Its an encou… [+3740 chars]",,2026-07-18 02:14:39+00:00,wmo,United States,CNA,North-America
27e9a701cfa5a8b17e76cb641af395b6,2026-07-05T22:37:38Z,Flood,Flashflood DeKalb GA Fulton GA,journals.plos.org,en,0.2,Verbesserung immersiver Erfahrungen in virtuellen natürlichen Umgebungen für die öffentliche Gesundheit und die Umweltgestaltung: Eine systematische Überprüfung und Metaanalyse randomisierter kontrollierter Studien. In den letzten Jahren hat sich die Virtual-Reality-Technologie (VR) zu einem leistungsstarken Werkzeug im Bereich therapeutischer Landschaften entwickelt. Für Krankenhauspatienten oder Personen mit eingeschränkter Mobilität bietet VR eine hochgradig personalisierte Therapie durch die Simulation authentischer natürlicher Umgebungen.,Improving immersive experiences in virtual natural setting for public health and environmental design: A systematic review and meta-analysis of randomized controlled trials,"In recent years, virtual reality (VR) technology has emerged as a powerful tool in the field of therapeutic landscapes. For hospitalized patients or individuals with limited mobility, VR provides highly personalized therapy by simulating authentic natural env…","Improving immersive experiences in virtual natural setting for public health and environmental design: A systematic review and meta-analysis of randomized controlled trials. In recent years, virtual reality (VR) technology has emerged as a powerful tool in the field of therapeutic landscapes. For hospitalized patients or individuals with limited mobility, VR provides highly personalized therapy by simulating authentic natural env…","Experientia immersive emendans in occasu virtuali naturali pro salute publica et de consilio environmental: Recognitio systematica et meta-analysis de iudiciis temperatis moderandis. Nuper re vera virtualis (VR) technicae artis emersit ut instrumentum validum in agro therapeuticae landum. Aegris enim hospitalizatis vel individuis cum mobilitate limitata, VR therapiam valde personalem praebet simulando authenticam naturalem env…",https://journals.plos.org/plosone/article?id=10.1371/journal.pone.0297986,https://journals.plos.org/plosone/article/figure/image?id=10.1371/journal.pone.0297986.g013&size=inline,,"Introduction
Nature has long been recognized for its profound impact on human health and well-being. The therapeutic benefits of exposure to natural environments, often referred to as ""nature therap… [+52277 chars]",,2026-07-18 02:14:39+00:00,wmo,United States,CNA,North-America
e65bfd4c09bfeaf24df23528139b9860,2026-07-06T07:04:48Z,Flood,Flooding Karnes TX Wilson TX,www.abc.net.au,en,0.2,"Neuer australischer Luftdruckrekord führt zu tiefem Frost im Südosten. Vorläufige Daten zeigen, dass am Montagmorgen in Tasmanien der höchste jemals in Australien gemessene Luftdruck gemessen wurde.",New Australian pressure record brings deep freeze to south-east,Preliminary data shows the highest ever pressure in Australia was recorded in Tasmania on Monday morning.,New Australian pressure record brings deep freeze to south-east. Preliminary data shows the highest ever pressure in Australia was recorded in Tasmania on Monday morning.,Nova pressionis Australiae recordum altum ad orientem-meridiem congelatur. Praevia notitia ostendit summam semper pressionem in Australia in Tasmania die Lunae mane commemoratam esse.,https://www.abc.net.au/news/2026-07-06/new-all-time-australian-pressure-weather-record/106885260,https://live-production.wcms.abc-cdn.net.au/30b2a456ab682e7014a8afa683237429?impolicy=wcms_watermark_news&cropH=504&cropW=896&xPos=92&yPos=0&width=862&height=485&imformat=generic,,"Preliminary data shows the highest ever pressure in Australia was recorded in Tasmania this morning, and not from expats watching the World Cup.
At 9:50am, the weather station in the small town of O… [+3964 chars]",,2026-07-18 02:14:39+00:00,wmo,United States,CNA,North-America
9e2b5414dca19e3e101026dae666b755,2026-07-08T00:00:00Z,Flood,Flooding Cass IL Mason IL,comicbook.com,en,0.2,"Die 10 berühmtesten Schurken der X-Men der 1980er Jahre, sortiert nach Bedeutung. Bild mit freundlicher Genehmigung von Marvel Comics

In den 1970er-Jahren wurde die Serie „X-Men“ eingestellt, und die Comic-Serie wurde nur durch Nachdrucke weitergeführt. Doch als Giant Size X-Men dem Team die neuen Mutantenhelden vorstellte, änderte sich alles, und der Titel schoss in die Höhe …","The X-Men’s 10 Most Iconic Villains of the 1980s, Ranked by Importance","Image Courtesy of Marvel Comics

In the 1970s, the X-Men faced cancellation, and reprints were all that carried the comic book series on. However, with Giant Size X-Men introducing the new mutant heroes to the team, it changed everything, and the title skyroc…","The X-Men’s 10 Most Iconic Villains of the 1980s, Ranked by Importance. Image Courtesy of Marvel Comics

In the 1970s, the X-Men faced cancellation, and reprints were all that carried the comic book series on. However, with Giant Size X-Men introducing the new mutant heroes to the team, it changed everything, and the title skyroc…","X-Men's 10 Most Iconic Villains of the 1980s, Momento Ranked by. Imago Comitatis Mirabilis Comics

In annis 1970, tabulae novae ante X-Homo, et editiones erant omnes qui seriem libri comici ferebant. Nihilominus, cum Giant Size X-Men novos heroas ad equos inducentes, omnia mutavit, et titulus skyroc…",http://comicbook.com/comics/list/the-x-mens-10-most-iconic-villains-of-the-1980s-ranked-by-importance/,"https://comicbook.com/wp-content/uploads/sites/4/2026/07/X-Men-1980s-villains-2.jpg?resize=2000,1125",,"In the 1970s, the X-Men faced cancellation, and reprints were all that carried the comic book series on. However, with Giant Size X-Men introducing the new mutant heroes to the team, it changed every… [+10794 chars]",,2026-07-18 02:14:39+00:00,wmo,United States,CNA,North-America
a4a161162ecce9985d700081003f19ec,2026-07-09T23:59:00Z,Flood,Flood Benton IA Iowa IA,www.globenewswire.com,en,0.2,Avance Clinical präsentiert Wachstumsstrategie für Asien und China auf der BIO Asia–Taiwan 2026. Avance Clinical präsentiert Wachstumsstrategie für Asien und China auf der BIO Asia–Taiwan 2026...,Avance Clinical to Showcase Asia and China Growth Strategy at BIO Asia–Taiwan 2026,Avance Clinical to Showcase Asia and China Growth Strategy at BIO Asia–Taiwan 2026...,Avance Clinical to Showcase Asia and China Growth Strategy at BIO Asia–Taiwan 2026. Avance Clinical to Showcase Asia and China Growth Strategy at BIO Asia–Taiwan 2026...,Avance Fusce ad Showcase Asia et Sinis Incrementum Strategy in BIO Asia-Taiwan 2026.,https://www.globenewswire.com/news-release/2026/07/09/3325278/0/en/Avance-Clinical-to-Showcase-Asia-and-China-Growth-Strategy-at-BIO-Asia-Taiwan-2026.html,https://ml.globenewswire.com/Resource/Download/d962b5ae-4411-409e-b901-c81c838d1ad1,,"ADELAIDE, Australia, July 10, 2026 (GLOBE NEWSWIRE) -- Avance Clinical, the Australian-headquartered global Contract Research Organization (CRO) for biotechs, today announced its participation in BIO… [+4103 chars]",,2026-07-18 02:14:39+00:00,wmo,United States,CNA,North-America
2847319e8cae81bb8a3805366b48da41,2026-07-13T03:07:27Z,Precipitation,Downpour Belize,www.dailymail.com,en,0.2,"Australische Mutter soll ihre Kleinkinder mit anschaulichen extremistischen Propagandavideos zu Terroristen des Islamischen Staates erzogen haben – als zurückgekehrte ISIS-Braut ihren Wunsch nach Freiheit unternimmt. Eine Australierin, der vorgeworfen wird, sich dem Islamischen Staat angeschlossen zu haben, soll mindestens zwei Jahre lang gefilmt haben, wie ihren eigenen kleinen Kindern extremistische Propaganda gezeigt wurde.",Aussie mum allegedly groomed her toddlers to be Islamic State terrorists with graphic extremist propaganda videos - as returned ISIS bride makes her bid for freedom,An Australian woman accused of joining Islamic State allegedly filmed her own young children being shown extremist propaganda over a period of at least two years.,Aussie mum allegedly groomed her toddlers to be Islamic State terrorists with graphic extremist propaganda videos - as returned ISIS bride makes her bid for freedom. An Australian woman accused of joining Islamic State allegedly filmed her own young children being shown extremist propaganda over a period of at least two years.,Aussie mum assertum toddlers cultas se esse terroristas Civitatis islamicae cum extremistis graphicis graphicis - sicut rediit ISIS sponsa suam libertatem iussa facit. Mulier Australiae accusavit de re publica islamica iungendum assertum suos infantes cinematographicos per spatium duorum saltem annorum extremistarum ostensarum esse.,https://www.dailymail.com/news/article-15972613/australian-woman-isis-child-propaganda-terror-charges.html,https://i.dailymail.com/1s/2026/07/13/03/109976199-0-image-a-4_1783908156155.jpg,,"An Australian woman accused of joining Islamic State allegedly filmed her own young children being shown extremist propaganda over a period of at least two years. 
ISIS bride Rayann El Houli, 34, re… [+4879 chars]",,2026-07-18 02:14:39+00:00,wmo,Belize,SCA,North-America
5a4dfbbbb7d74a02069e412e7f3ea16b,2026-07-13T05:11:20Z,Flood,Flooding Jasper MO,theconversation.com,en,0.2,"5 Arbeiten im Wintergarten, die Sie auf einen herrlichen Frühling vorbereiten. Der Winter ist die Zeit, eine Bestandsaufnahme darüber vorzunehmen, was im Garten funktioniert und was nicht. Die Zeit vergeht wie im Flug – also vernachlässigen Sie diese Winterjobs nicht.",5 winter gardening jobs to set you up for a splendid spring,Winter is a time to take stock of what’s working and what’s not in the garden. Time will flash by – so don’t neglect these winter jobs.,5 winter gardening jobs to set you up for a splendid spring. Winter is a time to take stock of what’s working and what’s not in the garden. Time will flash by – so don’t neglect these winter jobs.,5 hiberna topiaria opera ad ver splendidum te constituent. Hiems tempus est quaerere quid laborat et quid in horto non est. Tempus micare – idcirco hiberna haec negotia non neglegere.,https://theconversation.com/5-winter-gardening-jobs-to-set-you-up-for-a-splendid-spring-284297,https://images.theconversation.com/files/747079/original/file-20260710-57-4npkb0.jpg?ixlib=rb-4.1.0&rect=0%2C545%2C4272%2C2136&q=45&auto=format&w=1356&h=668&fit=crop,,"Odeur Sourire/Pexels
With wintry weather underway in many parts of Australia, I’ve been enjoying the seasonal change in my garden and its trees.

Following the busy spring, summer and autumn seasons… [+5010 chars]",,2026-07-18 02:14:39+00:00,wmo,United States,CNA,North-America
f9d5187ecf313eaa303c8ee09dc5cbeb,2026-07-13T12:00:00Z,Flood,Flooding Pima AZ Pinal AZ,www.prnewswire.com,en,0.2,"Delonix Bioworks gibt bekannt, dass dem ersten Teilnehmer in der klinischen Phase-1-Studie des MenB-OMV-Impfstoffs DX-104 der nächsten Generation in China eine Dosis verabreicht wurde. SHANGHAI, 13. Juli 2026 /PRNewswire/ -- Delonix Bioworks, ein Biotechnologieunternehmen in der klinischen Phase, das Pionierarbeit bei gentechnisch veränderten bakteriellen Impfstoffen leistet, gab heute bekannt, dass dem ersten Teilnehmer in seiner klinischen Phase-1-Studie mit DX-104 in China die Dosis verabreicht wurde. …",Delonix Bioworks Announces First Participant Dosed in Phase 1 Clinical Trial of Next-Generation MenB OMV Vaccine DX-104 in China,"SHANGHAI, July 13, 2026 /PRNewswire/ -- Delonix Bioworks, a clinical-stage biotechnology company pioneering genetically engineered bacterial vaccines, today announced that the first participant has been dosed in its Phase 1 clinical trial of DX-104 in China. …","Delonix Bioworks Announces First Participant Dosed in Phase 1 Clinical Trial of Next-Generation MenB OMV Vaccine DX-104 in China. SHANGHAI, July 13, 2026 /PRNewswire/ -- Delonix Bioworks, a clinical-stage biotechnology company pioneering genetically engineered bacterial vaccines, today announced that the first participant has been dosed in its Phase 1 clinical trial of DX-104 in China. …","Delonix Bioworks Annuntiat Primum Participem Dosed in Phase 1 Fuscae Tentatio de Postero-generatione MenB OMV Vaccine DX-104 in Sinis. SHANGHAI, die 13 Iulii 2026 / PRNewswire/ -- Delonix Bioworks, societas clinica-scaena biotechnologiae bacterial vaccina genetice machinata, hodie pronuntiavit primum participem in suo phase 1 clinico iudicio DX-104 in Sinis esse nuntiatum. ...",https://www.prnewswire.com/news-releases/delonix-bioworks-announces-first-participant-dosed-in-phase-1-clinical-trial-of-next-generation-menb-omv-vaccine-dx-104-in-china-302823578.html,,,"SHANGHAI, July 13, 2026 /PRNewswire/ -- Delonix Bioworks, a clinical-stage biotechnology company pioneering genetically engineered bacterial vaccines, today announced that the first participant has b… [+3414 chars]",,2026-07-18 02:14:39+00:00,wmo,United States,CNA,North-America
248f69a676184e5b300823cbea8c2d47,2026-07-16T18:12:58Z,Storm,Storm Canada,www.cbc.ca,en,0.7,Präriestürme verursachten versicherte Schäden in Höhe von mindestens 728 Millionen US-Dollar: Insurance Bureau of Canada. Nach Angaben des kanadischen Versicherungsbüros verursachten schwere Stürme im Juni in Manitoba und Saskatchewan versicherte Schäden in Höhe von mehr als 728 Millionen US-Dollar.,Prairie storms caused at least $728M in insured damage: Insurance Bureau of Canada,The Insurance Bureau of Canada says severe June storms in Manitoba and Saskatchewan caused more than $728 million in insured damage.,Prairie storms caused at least $728M in insured damage: Insurance Bureau of Canada. The Insurance Bureau of Canada says severe June storms in Manitoba and Saskatchewan caused more than $728 million in insured damage.,Tempestates PRATUM effecit saltem $728M in damnum salubritatis: Insurance Bureau of Canada. Insurance hendrerit Canadae dicit graves Iunii procellas in Manitoba et Saskatchewan plus quam $728 decies centena millia in salubritatem damni attulisse.,https://www.cbc.ca/news/canada/manitoba/saskatchewan-prairies-insurance-storm-costs-9.7272776,"https://i.cbc.ca/ais/9f32c240-82bf-4d3a-a5a7-7c4d97036ac0,1782939474942/full/max/0/default.jpg?im=Crop%2Crect%3D%280%2C0%2C4000%2C2250%29%3BResize%3D620",,"The Insurance Bureau of Canada says severe June storms in Manitoba and Saskatchewan caused more than $728 million in insured damage.
It says the costs came after the storms brought hail, tornadoes, … [+600 chars]",,2026-07-18 07:00:05+00:00,wmo,Canada,NEN,North-America
4e1a615fd29c980d3e6f4dcd4134205b,2026-07-06T07:16:00Z,Precipitation,Downpour India,www.dw.com,en,0.7,"Nachrichten aus Indien: Einsturz eines Gebäudes in Mumbai tötet 6 Menschen, während heftige Regenfälle die Stadt heimsuchen. Heftige Monsunregenfälle führten in Indiens Finanzhauptstadt zu Gebäudeeinstürzen, Erdrutschen und großflächigen Verkehrsstörungen, Meteorologen warnten vor weiteren Regenfällen. DW hat das Neueste. Der heftige Regenguss hat den Verkehr auf der stark befahrenen Schnellstraße Mumbai-Pune gestört.","India news: Mumbai building collapse kills 6, as heavy rains batter city","Heavy monsoon rains triggered building collapses, landslides and widespread transport disruption in India's financial capital, with forecasters warning of more rain. DW has the latest. The heavy downpour has disrupted traffic on the busy Mumbai-Pune Expresswa…","India news: Mumbai building collapse kills 6, as heavy rains batter city. Heavy monsoon rains triggered building collapses, landslides and widespread transport disruption in India's financial capital, with forecasters warning of more rain. DW has the latest. The heavy downpour has disrupted traffic on the busy Mumbai-Pune Expresswa…","Indiae nuntium: Mumbai aedificium ruina occidit VI, ut imbribus quatere urbem. Imbres graves emissiones urguebant ruinas aedificandas, proruit et diffusa turbatio in capitis pecuniaria Indiae, cum forecasters plus pluviae denuntiaret. DW novissimam habet. Gravis imber dissipavit negotiationis in occupatus Mumbai-pune Expresswa ...",https://www.dw.com/en/india-news-mumbai-building-collapse-kills-6-as-heavy-rains-batter-city/live-77843416,https://static.dw.com/image/77837174_6.jpg,,"Many Indian Army servicemen in both World Wars were Sikhs from the PunjabImage: The Print Collector/Heritage Images/picture alliance
The Commonwealth War Graves Commission (CWGC) on Monday announced… [+1944 chars]",,2026-07-18 15:55:42+00:00,wmo,India,SAS,Asia
b9ae4fb275eec56225ab09e4513c2ac2,2026-07-16T12:51:32Z,Flood,Flood Canada,financialpost.com,en,0.8,"Überschwemmungen in Texas, Rauch in Kanada und westliche Hitze verwüsten die USA. Mehr als 75 Menschen wurden in Texas gerettet, als die Überschwemmungen anstiegen, während der Rauch kanadischer Waldbrände den Himmel im Mittleren Westen und Nordosten, einschließlich New York, erstickt und die Hitze in Kalifornien weiterhin die Waldbrandgefahr erhöht.","Texas Floods, Canada Smoke and Western Heat Batter US","More than 75 people have been rescued in Texas as floodwaters rise, while Canadian wildfire smoke is choking skies across the Midwest and Northeast, including New York, and heat continues to fuel wildfire risk in California.","Texas Floods, Canada Smoke and Western Heat Batter US. More than 75 people have been rescued in Texas as floodwaters rise, while Canadian wildfire smoke is choking skies across the Midwest and Northeast, including New York, and heat continues to fuel wildfire risk in California.","Flumina Texas, Canada Fumus et calor occidentis Batter US. Plus quam 75 homines in Texas aquae diluvii erepti oriuntur, dum Canadian incendium ferum per medium occidentem et brumalem, incluso New York, aethera suffocat, et calor ignis incendium periculum in California ad focum pergit.",https://financialpost.com/pmn/business-pmn/texas-floods-canada-smoke-and-western-heat-batter-us,https://smartcdn.gprod.postmedia.digital/financialpost/wp-content/uploads/2026/07/776531445.jpg,,"(Bloomberg) More than 75 people have been rescued in Texas as floodwaters rise, while Canadian wildfire smoke is choking skies across the Midwest and Northeast, including New York, and heat continues… [+4816 chars]",,2026-07-18 20:44:19+00:00,wmo,Canada,NEN,North-America
70a7f1538aa8c8815dc760a74fe06b55,2026-07-17T16:19:40Z,Flood,Flood Canada,biztoc.com,en,0.8,"Überschwemmungen in Texas, Kanada, Waldbrände, Rauch überschwemmt die USA. In den Wäldern im Norden Ontarios wüten weiterhin Dutzende Brände außer Kontrolle, und Rauch erfasst Toronto und die südlichsten Teile Kanadas. #Wetter #Klima #Nachrichten #USA #Regen #Überschwemmung #Feuer 
In Texas wurden mehr als 75 Menschen durch Überschwemmungen gerettet…","Texas Floods, Canada Wildfire Smoke Batter US","Dozens of fires continue to rage out of control in the forests of northern Ontario, with smoke impacting Toronto and the southernmost parts of Canada. #weather #climate #news #usa #rain #flood #fire 
In Texas, more than 75 people have been rescued as floodwat…","Texas Floods, Canada Wildfire Smoke Batter US. Dozens of fires continue to rage out of control in the forests of northern Ontario, with smoke impacting Toronto and the southernmost parts of Canada. #weather #climate #news #usa #rain #flood #fire 
In Texas, more than 75 people have been rescued as floodwat…","Flumina Texas, Canada INCAENDIUM Smoke Batter US. Dozens incendiorum in silvis Ontario septentrionis saevire pergunt, cum fumo impacto Toronto et partes Canadae meridionales. #weather #climate #news #usa #rain #flood #fire 
In Texas, plus quam LXXV homines servati sunt sicut cataractae…",https://biztoc.com/x/b514f910468f0f48,https://biztoc.com/cdn/b514f910468f0f48_s.webp,,"Dozens of fires continue to rage out of control in the forests of northern Ontario, with smoke impacting Toronto and the southernmost parts of Canada. #weather #climate #news #usa #rain #flood #fire … [+141 chars]",,2026-07-18 20:44:19+00:00,wmo,Canada,NEN,North-America
5e941c2a0f0be369340400de388c3f9a,2026-07-14T13:11:30Z,Earthquake,Earthquake New Zealand,spacedaily.com,en,0.7,"Alles, was wir über den Erdkern wissen, stammt von Erdbeben: Seismische Wellen verlangsamen sich, biegen sich und verschwinden, wenn sie die Grenzen unter uns überschreiten, und 1936 las eine dänische Wissenschaftlerin namens Inge Lehmann diese Schatten und enthüllte einen verborgenen inneren Kern im Zentrum des Planeten. Im Jahr 1936 las die dänische Seismologin Inge Lehmann schwache Anomalien in Seismogrammen eines Erdbebens in Neuseeland im Jahr 1929 und folgerte daraus, dass der Erdkern über eine feste innere Kugel verfügt, die in einer flüssigen Außenhülle eingebettet ist – eine Schlussfolgerung, die auch neun Jahrzehnte später noch Bestand hat.
Der …","Everything we know about the Earth’s core comes from earthquakes: seismic waves slow, bend, and vanish as they cross the boundaries below us, and in 1936 a Danish scientist named Inge Lehmann read those shadows to reveal a hidden inner core nested at the planet’s center","In 1936, Danish seismologist Inge Lehmann read faint anomalies in seismograms from a 1929 New Zealand earthquake and deduced that Earth's core has a solid inner sphere nested inside a liquid outer shell — a conclusion still holding up nine decades later.
The …","Everything we know about the Earth’s core comes from earthquakes: seismic waves slow, bend, and vanish as they cross the boundaries below us, and in 1936 a Danish scientist named Inge Lehmann read those shadows to reveal a hidden inner core nested at the planet’s center. In 1936, Danish seismologist Inge Lehmann read faint anomalies in seismograms from a 1929 New Zealand earthquake and deduced that Earth's core has a solid inner sphere nested inside a liquid outer shell — a conclusion still holding up nine decades later.
The …","Omnia quae scimus de nucleo Telluris terrae motibus proveniunt: fluctus seismic tardos, flexus et evanescentes limites infra nos transeunt, et in anno 1936 physicus Danicus Inge Lehmann nominatus eas umbras legit ut nucleus absconditus in centro planetae nidos patefaciat. Anno MCMXXXVI, seismologus Danicus Inge Lehmann legit anomalias languidorum in seismogrammis ab anno 1929 Novo Zelandiae terrae motu, et deduxit nucleum Telluris solidam sphaeram interiorem intus liquidam testam exteriorem nidificasse — conclusio adhuc novem decennia posteriora tenens.
The ...",https://spacedaily.com/j-everything-we-know-about-the-earths-core-comes-from-earthquakes-seismic-waves-slow-bend-and-vanish-as-they-cross-the-boundaries-below-us-and-in-1936-a-danish-scientist-named-inge-lehmann-read/,https://spacedaily.com/wp-content/uploads/2026/07/inline-j-seismogram-paper-trace.jpg,,"Inge Lehmann sat in a small office in Copenhagen in 1936, sorting through stacks of paper seismograms from a 1929 earthquake near New Zealand, and noticed something that should not have been there. W… [+9020 chars]",,2026-07-20 16:23:43+00:00,usgs,New Zealand,NZ,Oceania
f67add22a5c80d9c01c36cc5d82c2cb6,2026-07-01T14:16:18Z,Flood,Flashflood George MS,electrek.co,en,0.2,"Kias mittelgroßer Elektro-SUV erhält Allradantrieb und eine spezielle neue „Storm“-Edition. Die neue Storm-Edition-Variante bietet „mehr Preis-Leistungs-Verhältnis“, sagte Kia nach der Vorstellung des neuen Sondereditionsmodells.",Kia’s midsize electric SUV gains AWD and a special new ‘Storm’ edition,"The new Storm edition variant offers “more bang for your buck,” Kia said after introducing the new special edition model....","Kia’s midsize electric SUV gains AWD and a special new ‘Storm’ edition. The new Storm edition variant offers “more bang for your buck,” Kia said after introducing the new special edition model....","Kia midsize electrica SUV lucra AWD et specialis nova 'Storm' editio. Nova editio varians Storm praebet ""plus hircum tuum crepitus"" Kia dixit post novam specialem editionem exemplar introductam.",http://electrek.co/2026/07/01/kias-midsize-ev-suv-gains-awd-special-storm-edition/,https://i0.wp.com/electrek.co/wp-content/uploads/sites/3/2026/02/Kia-EV5-update.jpeg?resize=1200%2C628&quality=82&strip=all&ssl=1,,"The new Storm edition variant offers “more bang for your buck,” Kia said after introducing the new special edition model.
The Sportage and EV5 are already among Kia’s most popular SUVs, but the new … [+3362 chars]",,2026-07-21 02:29:55+00:00,wmo,United States,CNA,North-America
ddeebe30deb755f263eb4046b9c55523,2026-07-19T01:31:40Z,Heat Wave,Heat Wave Attawapiskat Fort Albany Moosonee,www.yahoo.com,en,0.2,"Trump droht, Kanadas Zölle wegen Waldbränden zu erhöhen.... Trump droht, Kanadas Zölle wegen Waldbränden zu erhöhen...

 
 
 
 (Dritte Spalte, 2. Geschichte, Link)

 

 

 
 Ähnliche Geschichten: Über dem Mittelatlantik liegt dichter Waldbrandrauch ...

 

 
 
 Drudge Report Feed braucht Ihre Unterstützung!   Werden Sie Gönner",Trump threatens to increase Canada tariffs over wildfires...,"Trump threatens to increase Canada tariffs over wildfires...

 
 
 
 (Third column, 2nd story, link)

 

 

 
 Related stories:Thick wildfire smoke lingers over Mid-Atlantic...

 

 
 
 Drudge Report Feed needs your support!   Become a Patron","Trump threatens to increase Canada tariffs over wildfires.... Trump threatens to increase Canada tariffs over wildfires...

 
 
 
 (Third column, 2nd story, link)

 

 

 
 Related stories:Thick wildfire smoke lingers over Mid-Atlantic...

 

 
 
 Drudge Report Feed needs your support!   Become a Patron","BUCINUM minatur augere Canada portoriis super wildfires .... BUCINUM minatur augere Canada portoriis super wildfires ...

 
 
 
 Co- lumna tertia, 2nd story, link)

 

 

 
 Related fabulas: Fumus ferum densissima in medio Atlanticum moratur ...

 

 
 
 Drudge Report Nutritor indiget auxilio tuo!   Patronus fieri",https://www.yahoo.com/news/weather-news/articles/wildfire-smoke-engulfs-millions-us-150404523.html,https://s.yimg.com/lo/mysterio/api/609f889aec02f38441a5f33eca3340956a6b1bd76ca205179aa24d227a963b26/lightyear_networkapi/resizefill_w768_h512;quality_80;format_webp/https:%2F%2Fmedia.zenfs.com%2Fen%2Fafp.com%2F6ecff5ba1413a68288b4291ceb312113,,"US President Donald Trump threatened on Friday a tariff increase on Canada to cover the cost of smoke pollution from wildfires that have choked large parts of the United States. 
Dense wildfire smok… [+4459 chars]",,2026-07-21 02:29:55+00:00,wmo,Canada,NEN,North-America
487f555d35a88aa4e243d72614ae8301,2026-07-03T21:30:00Z,Flood,Flood Nueces TX,geektyrant.com,en,0.2,"Gugu Mbatha-Raw enthüllt dunkle Familiengeheimnisse im Trailer zur Supernatural-Thrillerserie POSSESSION von Sky. Sky hat den ersten Trailer für sein kommendes Psychodrama „Possession“ veröffentlicht, der den Zuschauern einen Einblick in ein packendes Krimi voller Familiengeheimnisse, vergrabener Geschichte und beunruhigender Entdeckungen gibt. In der fünfteiligen limitierten Serie spielt Gugu …",Gugu Mbatha-Raw Uncovers Dark Family Secrets in Trailer for Sky’s Supernatural Thriller Series POSSESSION,"Sky has released the first trailer for its upcoming psychological drama Possession, giving audiences a glimpse at what looks like a gripping mystery packed with family secrets, buried history, and unsettling discoveries.The five-part limited series stars Gugu…","Gugu Mbatha-Raw Uncovers Dark Family Secrets in Trailer for Sky’s Supernatural Thriller Series POSSESSION. Sky has released the first trailer for its upcoming psychological drama Possession, giving audiences a glimpse at what looks like a gripping mystery packed with family secrets, buried history, and unsettling discoveries.The five-part limited series stars Gugu…","Gugu Mbatha-Raw Uncovers Tenebrae Familiae Secreta in Trailer for Sky's Supernatural Thriller Series POSESSION. Sky primum trailer dimisit ad futuram psychologicam fabulam Possessionis, audientibus perceptio quae aspectus veluti tenacissimi mysterii referta secretis familiaribus, historia sepulta, et inexplicabilis inventa. Quinque-pars limitata seriei stellarum Gugu…",https://geektyrant.com/news/gugu-mbatha-raw-uncovers-dark-family-secrets-in-first-trailer-for-skys-thriller-series-possession,http://static1.squarespace.com/static/51b3dc8ee4b051b96ceb10de/51ce6099e4b0d911b4489b79/6a3aa69af1353600ffdcca35/1783114259343/Screenshot+2026-06-23+at+8.38.36%E2%80%AFAM.jpg?format=1500w,,"Sky has released the first trailer for its upcoming psychological drama Possession, giving audiences a glimpse at what looks like a gripping mystery packed with family secrets, buried history, and un… [+1853 chars]",,2026-07-21 07:32:10+00:00,wmo,United States,CNA,North-America
618ce38ebcafecf2f2951417e5de4dd0,2026-07-20T15:00:00Z,Snow&Ice,Freezing Australia,www.smithsonianmag.com,en,0.8,"Koalas sind in einigen Teilen Australiens vom Aussterben bedroht. Kann das Einfrieren ihrer Spermien und Eier helfen, die legendären Beuteltiere zu retten? Wissenschaftler konservieren die Fortpflanzungszellen der Tiere in flüssigem Stickstoff, um die genetische Vielfalt künftiger Populationen zu steigern",Koalas Are at Risk of Extinction in Some Parts of Australia. Can Freezing Their Sperm and Eggs Help Save the Iconic Marsupials?,Scientists are preserving the animals' reproductive cells in liquid nitrogen in a bid to boost genetic diversity in future populations,Koalas Are at Risk of Extinction in Some Parts of Australia. Can Freezing Their Sperm and Eggs Help Save the Iconic Marsupials?. Scientists are preserving the animals' reproductive cells in liquid nitrogen in a bid to boost genetic diversity in future populations,Koalas in periculo extinctionis in nonnullis Australiae partibus sunt. Potest gelantia sperma et ova Auxilium Servare Marsupiales Iconicos?. Scientistae conservant cellulas generationis animalium in nitrogenio liquido in quibus ut boost geneticae diversitatis in futuris nationibus,https://www.smithsonianmag.com/smart-news/koalas-are-at-risk-of-extinction-in-some-parts-of-australia-can-freezing-their-sperm-and-eggs-help-save-the-iconic-marsupials-180989147/,https://th-thumbnailer.cdn-si-edu.com/YEUwnHsI0qFgDVCIFbUtYj3lsmU=/fit-in/1600x0/filters:focal(960x549:961x550)/https://tf-cmsv2-smithsonianmag-media.s3.amazonaws.com/filer_public/17/90/1790ef6c-fa5f-4cdc-8f80-f7ba55ea7617/uq-healthy_koala_during_survey.jpg,,"Koala conservation is a complex balancing act in Australia. In some regions, populations are in steep decline, but in others, the animals are overabundant.
 University of Queensland
Koalas are amon… [+3958 chars]",,2026-07-21 16:22:35+00:00,wmo,Australia,CAU,Oceania
78e91037416a9fd255eb4787ce8a7777,2026-07-20T11:30:00Z,Heat Wave,Heat Wave United States,www.motherjones.com,en,0.7,Ozeane absorbieren riesige Mengen an Wärme – und schicken einen Teil davon an Land. Diese Geschichte wurde ursprünglich von Grist veröffentlicht und wird hier im Rahmen der Zusammenarbeit mit Climate Desk wiedergegeben. Es ist gerade einmal Hochsommer auf der Nordhalbkugel und Hitzewellen brechen erneut Temperaturrekorde.  In den Vereinigten Staaten dösen Sie ...,Oceans Are Absorbing Huge Amounts of Heat—and Sending Some of It Ashore,"This story was originally published by Grist and is reproduced here as part of the Climate Desk collaboration. It’s barely the middle of summer in the northern hemisphere, and heat waves are once again breaking temperature records.  In the United States, doze…","Oceans Are Absorbing Huge Amounts of Heat—and Sending Some of It Ashore. This story was originally published by Grist and is reproduced here as part of the Climate Desk collaboration. It’s barely the middle of summer in the northern hemisphere, and heat waves are once again breaking temperature records.  In the United States, doze…","Oceani ingentes aestus pondera hauriunt et mittentes in terram. Haec fabula a Grist primo divulgata est atque hic ut pars cooperationis Desk Climati repraesentetur. Medium aestatis vix est in hemisphaerio septentrionali, et fluctus aestus semel iterumque tabulas temperaturas frangunt.  In Civitatibus Foederatis Americae, doze…",https://www.motherjones.com/environment/2026/07/oceans-abosorbing-heat-extreme-weather-heat-waves-land/,https://www.motherjones.com/wp-content/uploads/2026/07/071426oceanheat.png?w=1200&h=630&crop=1,,"Jessica Rinaldi/The Boston Globe via Getty
Get your news from a source thats not owned and controlled by oligarchs. Sign up for the free Mother Jones Daily.
This story was originally published by G… [+6020 chars]",,2026-07-22 02:28:38+00:00,wmo,United States,CNA,North-America
356fe719b4d6e2566858cdcb2f88612f,2026-07-11T19:29:40Z,Heat Wave,warm spell New South Wales,timesofindia.indiatimes.com,en,0.2,"Panchkula MC übernimmt ab heute öffentliche Dienstleistungen in HSVP-Sektoren. Die Panchkula Municipal Corporation übernimmt ab dem 11. Juli die städtischen Dienste des HSVP-Sektors und umfasst Wasserversorgung, Kanalisation, Regenwasserentwässerung und interne Straßen für eine einheitliche Verwaltung.",Panchkula MC to take over civic services in HSVP sectors from today,"Panchkula Municipal Corporation takes over HSVP sector civic services from July 11, covering water supply, sewerage, storm drainage and internal roads for unified governance.","Panchkula MC to take over civic services in HSVP sectors from today. Panchkula Municipal Corporation takes over HSVP sector civic services from July 11, covering water supply, sewerage, storm drainage and internal roads for unified governance.","Panchkula MC ut officia civilia in sectoribus HSVP ab hodiernis recipiant. Panchkula Corporatio municipalis officia civilia HSVP sectoris ab Iulio XI occupat, aquae copiae, purgamentorum, tempestatum inciliorum et viarum internarum ad regimen unitum.",https://timesofindia.indiatimes.com/city/chandigarh/panchkula-mc-to-take-over-civic-services-in-hsvp-sectors-from-today/articleshow/132337417.cms,"https://static.toiimg.com/thumb/msid-132337416,width-1280,height-720,resizemode-6,overlay-toi_sw,pt-32,y_pad-600/photo.jpg",,"Follow Us On Social Media
PM Modi, his New Zealand counterpart Luxon announce Annual Maritime Security DialogueWoman loses gold chain to snatchersProduce approved, advertised drawings of Panchkula f… [+1065 chars]",,2026-07-22 11:46:46+00:00,acwe,Australia,EAU,Oceania
341e1f1b6ff992951661cfe58c6570ef,2026-07-11T09:59:26Z,Snow&Ice,Ice Australia,sports.yahoo.com,en,0.7,"Frankreich stürmt mit 30 Punkten in Folge zurück und schlägt Australien mit 42:26. Aaron Grandidier-Nkanang erzielte zwei Versuche und Romain Ntamack gelang ein großes Comeback, als Frankreich am Samstag in der zweiten Runde der Rugby-Nationenmeisterschaft einen 42:26-Sieg gegen Australien einfuhr. Die Franzosen führten in der ersten Halbzeit zweimal, lagen aber mit 21:0 zurück.",France storm back with 30 straight points to beat Australia 42-26,Aaron Grandidier-Nkanang scored two tries and Romain Ntamack orchestrated a big comeback as France rallied for a 42-26 win over Australia on Saturday in the second round of the rugby Nations Championship. The French led twice in the first half but trailed 21-…,France storm back with 30 straight points to beat Australia 42-26. Aaron Grandidier-Nkanang scored two tries and Romain Ntamack orchestrated a big comeback as France rallied for a 42-26 win over Australia on Saturday in the second round of the rugby Nations Championship. The French led twice in the first half but trailed 21-…,"Gallia tempestas cum 30 puncta recta Australia verberare 42-26. Aaron Grandidier-Nkanang duas conatus et Romain Ntamack orchestravit magnum regressum laceravit sicut Gallia ad conciliandum in Australia die Saturni 42-26 conciliandum in secunda circum rugby Nationum Championship. Franci bis in prima parte ducti, sed imis 21-...",https://sports.yahoo.com/articles/france-storm-back-30-straight-095926302.html,https://s.yimg.com/ny/api/res/1.2/gkqEbTvkrgmCVlXh4lR5VA--/YXBwaWQ9aGlnaGxhbmRlcjt3PTEyMDA7aD04MDA7Y2Y9d2VicA--/https://media.zenfs.com/en/ap.org/eca39082ceb4a555a4b81dea86945da4,,"BRISBANE, Australia (AP) Aaron Grandidier-Nkanang scored two tries and Romain Ntamack orchestrated a big comeback as France rallied for a 42-26 win over Australia on Saturday in the second round of t… [+2694 chars]",,2026-07-22 11:46:46+00:00,wmo,Australia,CAU,Oceania
5e9fa5d43357ac604ffd6eb989891d60,2026-07-07T17:56:09Z,Flood,Flood Cape Girardeau MO Scott MO,www.aljazeera.com,en,0.2,"Tornados töten 17 Menschen in Zentralchina, während der Taifun Bavi vor der Küste droht. Heftiger Regen und Winde wüten im Süden von Guangxi und in den zentralen Provinzen Hubei, und Präsident Xi drängt auf eine „umfassende“ Reaktion.",Tornadoes kill 17 in central China as Typhoon Bavi looms offshore,"Severe rain and winds lash southern Guangxi and central Hubei provinces, with President Xi urging an 'all out' response.","Tornadoes kill 17 in central China as Typhoon Bavi looms offshore. Severe rain and winds lash southern Guangxi and central Hubei provinces, with President Xi urging an 'all out' response.","Tornadoes 17 in media Sina occidunt ut Typhoon Bavi in ​​litore adsurgat. Imbribus ac ventis graves Guangxi meridionales et Hubei provincias centrales verberant, cum Praeses Xi responsionis ""omnia"" proclamante.",https://www.aljazeera.com/news/2026/7/7/tornadoes-kill-17-in-central-china-as-typhoon-bavi-looms-offshore,https://www.aljazeera.com/wp-content/uploads/2026/07/afp_6a4d2ffcb78d-1783443452.jpg?resize=1920%2C1440,,"Tornadoes and storms battering central China have killed at least 17 people, injured hundreds and forced tens of thousands to flee their homes, with President Xi Jinping calling for all-out rescue ef… [+2501 chars]",,2026-07-22 21:05:19+00:00,wmo,United States,CNA,North-America
12eae5dc0aad59db5a50a3b723207f31,2026-07-13T10:00:00Z,Snow&Ice,Frost New Zealand,grist.org,en,0.2,"Vom Klimawandel betroffene Gemeinschaften in ganz Asien bringen ihren Kampf vor Gericht. Die sich verschlimmernden Klimaauswirkungen, das Greenwashing der Unternehmen und langsame Regierungsmaßnahmen haben Gemeinden in ganz Asien dazu gebracht, vor Gericht zu gehen.",Climate-impacted communities across Asia are taking their fight to court,"Worsening climate impacts, corporate greenwashing, and slow government action have driven communities across Asia to the courts.","Climate-impacted communities across Asia are taking their fight to court. Worsening climate impacts, corporate greenwashing, and slow government action have driven communities across Asia to the courts.","Communitates climatis trans Asiam impactae pugnantes in ius capiunt. Impetus climatis imminuti, virentes corporatum, et actio gubernationis tardae communitates trans Asiam ad aulas compulerunt.",https://grist.org/accountability/climate-impacted-communities-across-asia-are-taking-their-fight-to-court/,https://grist.org/wp-content/uploads/2026/07/JusticeforSurvivors.jpg?quality=75&strip=all,,"This story was produced by The Xylom, a nonprofit news outlet covering the worlds most pressing health and environmental disparities, and co-published by Grist. Subscribe to The Xyloms newsletter her… [+8373 chars]",,2026-07-22 21:05:19+00:00,wmo,New Zealand,NZ,Oceania
cdae70ccb42f66aa52f428097552eccd,2026-07-04T14:54:47Z,Storm,Storm United Kingdom,www.hitc.com,en,0.7,"Das tödliche Spiel von 1998 erklärt, warum die Gewitterregeln der FIFA-Weltmeisterschaft so streng sind. Englands Achtelfinalduell gegen Mexiko wird nach einem Meinungswandel der FIFA weiterhin am Montagmorgen um 1 Uhr MEZ im Vereinigten Königreich stattfinden. Das Spiel im Estadio Azteca wurde kurzzeitig auf 19:00 Uhr BST verschoben, da befürchtet wurde, dass es zu Gewittern kommen könnte.",The fatal 1998 match that explains why FIFA World Cup thunderstorm rules are so strict,England’s Round of 16 clash against Mexico is still set to go ahead at 1am BST on Monday morning in the United Kingdom after a change of mind from FIFA. The match at the Estadio Azteca was briefly rescheduled for 7pm BST amid concerns there could be thunderst…,The fatal 1998 match that explains why FIFA World Cup thunderstorm rules are so strict. England’s Round of 16 clash against Mexico is still set to go ahead at 1am BST on Monday morning in the United Kingdom after a change of mind from FIFA. The match at the Estadio Azteca was briefly rescheduled for 7pm BST amid concerns there could be thunderst…,"Fatalis 1998 compositus est, cur FIFA World Cup regit tonitrui tam stricte. In Anglia circa 16 collisiones contra Mexicum etiamnum praecedere 1am BST die Lunae mane in Britannia post mutationem mentis a FIFA proficiscitur. Certamen in Estadio Azteca breviter resectum est propter 7pm BST inter curas tonitrui esse potuisse.",https://www.hitc.com/the-fatal-1998-match-that-explains-why-fifa-world-cup-thunderstorm-rules-are-so-strict/,https://s.yimg.com/ny/api/res/1.2/LffPAh27HpxM6KSWC40egg--/YXBwaWQ9aGlnaGxhbmRlcjt3PTEyMDA7aD04MDA7Y2Y9d2VicA--/https://media.zenfs.com/en/hitc_articles_832/4bcbde10fc434658339f9c3e241aad03,,"Englands Round of 16 clash against Mexico is still set to go ahead at 1am BST on Monday morning in the United Kingdom after a change of mind from FIFA.
The match at the Estadio Azteca was briefly re… [+2328 chars]",,2026-07-23 16:25:34+00:00,wmo,United Kingdom,NEU,Europe
5e2bbd35419e02253ad1fbc80c3d5438,2026-07-07T00:04:44Z,Flood,Flood Baldwin AL,slickdeals.net,en,0.2,"Juli-Essensangebote Über 100 Restaurants und Angebote in diesem Beitrag, die Ihren Bauch satt machen! (1 Antworten). Hallo Slickers, es ist wieder soweit, Zeit, den Bauch voll zu bekommen. Wenn Sie auf der Suche nach einem Schnäppchen sind und versuchen, einen Nickel so stark herauszupressen, dass daraus ein Zehncentstück wird, dann sind Sie hier genau richtig!
Lebensmittelangebote den ganzen Monat l",July Food Deals Over 100+ Restaurants and Deals in This Post To Feed Your Belly! (1 replies),"Hello Slickers, it's that time again, time to get your belly full. If your looking for a bargain, trying to squeeze a nickel so hard, it turns into a dime, then here ya go!
Food deals all month l","July Food Deals Over 100+ Restaurants and Deals in This Post To Feed Your Belly! (1 replies). Hello Slickers, it's that time again, time to get your belly full. If your looking for a bargain, trying to squeeze a nickel so hard, it turns into a dime, then here ya go!
Food deals all month l","Iulii Cibus Deals Plus 100+ Restaurantes et Deals in Hoc Post Ad Pasce Ventrem tuum! (1 replies). Salve Slickers, id tempus iterum est, tempus ut ventrem tuum impleat. Si pactionem tuam quaeris, nickel tam difficile premere conatur, in libellam vertit, hic ergo ya i!
Cibus agit totum mensem l *",https://slickdeals.net/f/19729815-july-food-deals-over-100-restaurants-and-deals-in-this-post-to-feed-your-belly,https://slickdeals.net/attachment/8/7/2/9/4/9/450x450/20914614.thumb,,"Hello Slickers, it's that time again, time to get your belly full. If your looking for a bargain, trying to squeeze a nickel so hard, it turns into a dime, then here ya go!Food deals all month long, … [+115934 chars]",,2026-07-24 16:41:24+00:00,wmo,United States,CNA,North-America
5d3665e4e94cf8dbf7afa309dba8b4f3,2026-07-08T15:07:35Z,Thunderstorm,Thunderstorm United States,www.cbc.ca,en,0.2,"Feuerwehrleute bekämpfen weiterhin „entmutigende“ Brände in Labrador, sagt der Minister. Feuerwehrleute bekämpfen am Mittwoch weiterhin mehrere Waldbrände in ganz Labrador, die in der gesamten Region zu Problemen mit der Rauchentwicklung und der Luftqualität führen.","Fire crews continue to fight 'disheartening' fires burning in Labrador, minister says",Firefighting crews are continuing to tackle several wildfires burning across Labrador on Wednesday — which are bringing smoke and air quality concerns across the region.,"Fire crews continue to fight 'disheartening' fires burning in Labrador, minister says. Firefighting crews are continuing to tackle several wildfires burning across Labrador on Wednesday — which are bringing smoke and air quality concerns across the region.","Ignis nautarum pugnare pergunt 'discordes' ignes ardentes in Labrador, minister dicit. Nautae pugnae aliquot incendia silvestrium trans Labrador die Mercurii occupari pergunt - quae fumum et qualitatem aeris per regionem ingerunt.",https://www.cbc.ca/news/canada/newfoundland-labrador/forsey-labrador-wildfires-july-8-9.7262578,"https://i.cbc.ca/ais/085b7868-a6b5-4229-bafb-4dbc1744d0ed,1783521220683/full/max/0/default.jpg?im=Crop%2Crect%3D%280%2C14%2C1617%2C909%29%3BResize%3D620",,"Firefighting crews are continuing to tackle several wildfires burning across Labrador on Wednesday which are bringing smoke and air quality concerns across the region.
Newfoundland and Labrador's ac… [+2665 chars]",,2026-07-24 21:01:04+00:00,wmo,United States,CNA,North-America
0173238b22478d45b8e13509c6927dcb,2026-07-10T11:30:34Z,Storm,Storm offshore Morant Bank area,www.cbc.ca,en,0.2,"Warum die Brandgefahr in diesem Sommer bereits hoch ist – trotz eines schneereichen Winters und eines kühlen Junis in Teilen von N.L. Eine Dürre im Jahr 2025 trug zur aktuellen Herausforderung durch Waldbrände in Neufundland und Labrador bei, so Carissa Brown, Professorin für Biogeographie an der Memorial University of Newfoundland. Umweltbedingungen und langfristige Wettervorhersagen deuten darauf hin, dass sie weit über dem Normalwert liegen …",Why fire risk is already high this summer — despite a snowy winter and cool June for parts of N.L.,"A drought in 2025 contributed to Newfoundland and Labrador's current wildfire challenge, according to Memorial University of Newfoundland biogeography professor Carissa Brown. Environmental conditions and long-term weather forecasting point to well above norm…","Why fire risk is already high this summer — despite a snowy winter and cool June for parts of N.L.. A drought in 2025 contributed to Newfoundland and Labrador's current wildfire challenge, according to Memorial University of Newfoundland biogeography professor Carissa Brown. Environmental conditions and long-term weather forecasting point to well above norm…","Quare ignis periculum iam altum est hac aestate — quamquam hiemalis nivis et frigus mensis Iunii pro partibus N.L.. siccitas anno 2025 in Nova Terra et Labrador provocationem venalem feralis contulerit, secundum Memorial University of Newfoundland biogeographiae professoris Carissae Brown. Condiciones environmentales et diuturnum tempus tempestatum praenuntiant punctum ad bene supra normam ...",https://www.cbc.ca/news/canada/newfoundland-labrador/nl-fire-risk-9.7265264,"https://i.cbc.ca/ais/1ab5d149-8b88-41fc-8a79-8efef01ddbe8,1783700056892/full/max/0/default.jpg?im=Crop%2Crect%3D%280%2C0%2C1920%2C1080%29%3BResize%3D620",,"After people in parts of the province living through a chilly, rainy ""Juneuary,"" it's only natural for some to wonder how Newfoundland and Labrador has already come to the point of all-hands wildfire… [+4854 chars]",,2026-07-24 21:01:04+00:00,wmo,Jamaica,CAR,North-America
794ee12729b3e8256320db4cbb54c34b,2026-07-12T18:05:17Z,Storm,Storm Marlborough about south of Clarence,www.cbc.ca,en,0.2,"„Pure Aufregung“: Inselbewohner beschreiben, wie sie einen Tornado vor der Küste von P.E.I. gesehen haben. Laura MacNeil hat Küstentouren im Bereich Vernon Bridge von P.E.I. durchgeführt. seit sechs Jahren. Während sich ihre Touren normalerweise auf die Fossilfundstellen der Insel konzentrieren, konnte MacNeils Reisegruppe am Samstagmorgen Zeuge eines anderen Naturphänomens werden.",'Pure excitement': Islanders describe spotting tornado off coast of P.E.I.,"Laura MacNeil has been running shoreline tours in the Vernon Bridge area of P.E.I. for six years. While her tours typically highlight the Island's fossil sites, MacNeil's tour group Saturday morning got to witness a different kind of natural phenomenon.","'Pure excitement': Islanders describe spotting tornado off coast of P.E.I.. Laura MacNeil has been running shoreline tours in the Vernon Bridge area of P.E.I. for six years. While her tours typically highlight the Island's fossil sites, MacNeil's tour group Saturday morning got to witness a different kind of natural phenomenon.","""puri tumultus"": Islandi describant maculam turbo ab ora P.E.I.. Laura MacNeil in Vernonis ponte area litorum P.E.I. annis sex. Dum itinera eius typice in locis fossilibus Islandiae exaggerant, MacNeil in itinere coetus Saturni mane obtinuit ut phaenomenon naturale diversam speciem praeberet.",https://www.cbc.ca/news/canada/prince-edward-island/pei-tornado-spotting-pownal-bay-mount-mellick-9.7267449,"https://i.cbc.ca/ais/5f6919d0-f923-442a-a802-4f085c48ef39,1783877295170/full/max/0/default.jpg?im=Crop%2Crect%3D%280%2C1200%2C3000%2C1687%29%3BResize%3D620",,"Laura MacNeil has been running shoreline tours in the Vernon Bridge area of P.E.I. for six years.
While her tours typically highlight the Island's fossil sites and ancient history, MacNeil's group w… [+2141 chars]",,2026-07-24 21:01:04+00:00,wmo,New Zealand,NZ,Oceania
12c1876f3175af157076ea3dfbc1a3f3,2026-07-14T10:28:14Z,Flood,Flood Vernon MO,abcnews.com,en,0.2,"Mehr als 125 Millionen Amerikaner leiden von Küste zu Küste unter gefährlicher Hitze. Städte in North Dakota, South Dakota und Minnesota verzeichneten am Montag tägliche Rekorde.",More than 125 million Americans under dangerous heat coast to coast,"Cities in North Dakota, South Dakota and Minnesota saw daily records on Monday.","More than 125 million Americans under dangerous heat coast to coast. Cities in North Dakota, South Dakota and Minnesota saw daily records on Monday.","Plus quam 125 miliones Americani sub periculoso aestu orae maritimae sunt. Urbes in Dakota septentrionali, Dakota Meridionalis et Minnesota cottidiana monumenta Lunae viderunt.",https://abcnews.com/US/125-million-americans-dangerous-heat-coast-coast/story?id=134737602,https://i.abcnewsfe.com/a/b533aac3-c188-4d0a-b82b-fa13faa9316c/heat-main_1784022857198_hpMain_16x9.jpg?w=1600,,"More than 125 million Americans are on alert for sweltering heat from coast-to-coast, as heat alerts are in place from Southern California to the intermountain West and northern Plains, upper Midwest… [+4005 chars]",,2026-07-24 21:01:04+00:00,wmo,United States,CNA,North-America
eb81a239b75d02a1b257572d9c35fb6e,2026-07-17T17:10:12Z,Flood,Flashflood Victoria TX,gothamist.com,en,0.2,"Raucherfüllte Himmel sind für New Yorker Sommer die neue Normalität, warnen Experten. Der Smog in New York City, der diese Woche durch kanadische Waldbrände verursacht wurde, war so stark, dass er die Skyline verdeckte.
 

Der Klimawandel hat dazu geführt, dass Waldbrände in Kanada häufiger und intensiver werden, was zu einem viskosen Kreislauf führt, da die Brände mehr Kohlenstoff in die Atmosphäre pumpen …","Smoke-filled skies are new normal for NYC summers, experts warn","The New York City smog caused by Canadian wildfires this week was so thick it obscured the skyline.
 

Climate change has caused wildfires in Canada to grow more frequent and more intense, which creates a viscous cycle as the blazes pump more carbon into the …","Smoke-filled skies are new normal for NYC summers, experts warn. The New York City smog caused by Canadian wildfires this week was so thick it obscured the skyline.
 

Climate change has caused wildfires in Canada to grow more frequent and more intense, which creates a viscous cycle as the blazes pump more carbon into the …","Aestates fumi impletae novas solitos esse pro NYC aestates, periti monent. New York City smog causata ex Canadian incendia hac septimana tam crassa erat ut caelum obscuraret.
 

Ignes aeris mutatio in Canada magis frequentiora et intensiora crescere fecit, quae viscosum cyclum efficit ut flammae magis carbonis in ...",https://gothamist.com/news/smoke-filled-skies-are-new-normal-for-nyc-summers-experts-warn,https://api-prod.gothamist.com/images/358205/fill-1200x650|format-webp|webpquality-85/,,"Smoke-filled summer skies are a new normal for New York City, and experts say it's likely to worsen.
When Canadian wildfire smoke blanketed the city with a haze thick enough to obscure the sun this … [+3857 chars]",,2026-07-24 21:01:04+00:00,wmo,United States,CNA,North-America
dfd9cfc556e89f6b1ea69bce9949f2e4,2026-07-18T15:58:37Z,Flood,Flooding Guam GU Rota MP,www.accuweather.com,en,0.2,"Stürme und schlechte Luft treffen im Nordosten aufeinander. Der Rauch der kanadischen Waldbrände wird an diesem Wochenende weiterhin die Luftqualität in Teilen des Nordostens beeinträchtigen, da schwere Gewitter schädliche Winde, Sturzfluten und vereinzelte Tornados drohen.",Storms and bad air collide in Northeast...,"Canadian wildfire smoke will continue to foul air quality across parts of the Northeast this weekend as severe thunderstorms threaten damaging winds, flash flooding and isolated tornadoes.","Storms and bad air collide in Northeast.... Canadian wildfire smoke will continue to foul air quality across parts of the Northeast this weekend as severe thunderstorms threaten damaging winds, flash flooding and isolated tornadoes.","Tempestates et malae aeris in Orientem colliduntur.... Canadian incendium incendium ad foedam aeris qualitatem per partes aquilonis perget, in hac volutpat, sicut procellae graves minantur damnosas ventos, inundationes et singulae turbines micant.",https://www.accuweather.com/en/severe-weather/smoke-and-storms-to-collide-over-the-northeast-this-weekend/1912710,https://cms.accuweather.com/wp-content/uploads/2026/07/page-2_f3de93.jpg?w=768,,"Canadian wildfire smoke will continue to foul air quality across parts of the Northeast this weekend as severe thunderstorms threaten damaging winds, flash flooding and isolated tornadoes.
Wildfire … [+4820 chars]",,2026-07-24 21:01:04+00:00,wmo,United States,CNA,North-America
3276962d0ad38ce394c452757ac837d2,2026-07-20T16:01:13Z,Precipitation,Precipitation Coastal Otago,www.cbc.ca,en,0.3,"Der Rauch eines Waldbrandes dringt von Nordwestwestküste nach Alberta und löst Warnungen zur Luftqualität aus. Environment Canada gibt eine Reihe von Warnmeldungen heraus, in denen darauf hingewiesen wird, dass Rauchverschmutzung zu schlechter Luftqualität und eingeschränkter Sicht in Gemeinden im Norden und in der Mitte von Alberta führt.","Wildfire smoke drifts into Alberta from N.W.T., triggers air quality warnings",Environment Canada issues a series of alerts warning smoke pollution is causing poor air quality and reduced visibility in communities across northern and central parts of Alberta.,"Wildfire smoke drifts into Alberta from N.W.T., triggers air quality warnings. Environment Canada issues a series of alerts warning smoke pollution is causing poor air quality and reduced visibility in communities across northern and central parts of Alberta.","Ignium incendium in Alberta ex N.W.T. alluit, saltem monita qualitatis aeris. Environment Canada series summorum monentium fumum pollutio facit ut pauperem qualitatem aeris efficiat et visibilitatem in communitatibus trans partes septentrionales et centrales Albertae reducat.",https://www.cbc.ca/news/canada/edmonton/alberta-nwt-wildfire-smoke-health-9.7276500,"https://i.cbc.ca/ais/8bf5665a-b576-4290-a735-0f045496b196,1783724104223/full/max/0/default.jpg?im=Crop%2Crect%3D%280%2C67%2C720%2C405%29%3BResize%3D620",,"Smoke from wildfires burning across the Canadian north has drifted into Alberta, causing air quality concerns.
Environment Canada has issued a series of alerts, warning that smoke pollution is causi… [+2306 chars]",,2026-07-25 02:29:06+00:00,wmo,New Zealand,NZ,Oceania
7a93b0563381f3b0cd1f3a14b0bbe12d,2026-07-21T10:35:42Z,Thunderstorm,Hail Canada,www.nationalobserver.com,en,0.3,Ersten Schätzungen zufolge ist dies die schlimmste Waldbrandsaison in Ontario. Und es ist noch nicht vorbei. Keine,"This is Ontario's worst wildfire season, early estimates suggest. And it's not over yet.",,"This is Ontario's worst wildfire season, early estimates suggest. And it's not over yet.. None","Hoc est tempus Ontario pessimum incendium, quod primae opiniones suggerunt. Et non super adhuc.. None",https://www.nationalobserver.com/2026/07/21/news/ontarios-worst-wildfire-season-early-estimates-suggest-its-not-over-yet,https://www.nationalobserver.com/sites/default/files/img/2026/07/21/wildfires_in_ontario_doug_ford.jpeg,,"Wildfires raging in northern Ontario appear to have pushed the province to its worst wildfire season on record.
The province's latest numbers suggest fires have burned through more than 7,250 square… [+2109 chars]",,2026-07-25 02:29:06+00:00,wmo,Canada,NEN,North-America
d007a1bbc10d847fe0bd3f68289d02ab,2026-07-21T11:43:36Z,Snow&Ice,Ice Crown Range Road,www.cbc.ca,en,0.3,"Ersten Schätzungen zufolge befindet sich Ontario mitten in der schlimmsten Waldbrandsaison. Die neuesten Zahlen der Provinz deuten darauf hin, dass Brände mehr als 7.250 Quadratkilometer des Waldes Ontarios niedergebrannt haben und damit den bisherigen Rekord aus dem Jahr 2021 übertreffen. Die meisten Brände ereigneten sich in den letzten 10 Tagen, und die Prognose für August deutet darauf hin, dass viele der nächsten 10 Tage brannten.","Ontario is in the middle of its worst wildfire season, early estimates suggest","The province's latest numbers suggest fires have burned through more than 7,250 square kilometres of Ontario's forest, surpassing the previous record set in 2021. Most of the burning has been in the past 10 days, and the forecast for August suggests much of n…","Ontario is in the middle of its worst wildfire season, early estimates suggest. The province's latest numbers suggest fires have burned through more than 7,250 square kilometres of Ontario's forest, surpassing the previous record set in 2021. Most of the burning has been in the past 10 days, and the forecast for August suggests much of n…","Ontario in medio suo tempore pessimum ignem ferum, mane opiniones suggerunt. Novissimi numeri provinciae incendia suggerunt plusquam 7,250 chiliometrorum quadratorum silvae Ontario, superans recordum priorem anno 2021. Praecedens incendium in praeterito X diebus fuit, et praesagium Augusti multum n...",https://www.cbc.ca/news/canada/toronto/ontario-wildfire-season-2026-9.7277682,"https://i.cbc.ca/ais/1d35db81-2bb7-4a7b-b638-2d340b54d8e7,1784232394048/full/max/0/default.jpg?im=Crop%2Crect%3D%280%2C442%2C2048%2C1152%29%3BResize%3D620",,"Wildfires raging in northern Ontario appear to have pushed the province to its worst wildfire season on record.
The province's latest numbers suggest fires have burned through more than 7,250 square… [+2380 chars]",,2026-07-25 02:29:06+00:00,wmo,New Zealand,NZ,Oceania
c2d3d1eab4cd468d3fa86942523fa632,2026-07-21T16:49:59Z,Storm,Storm Surge Canterbury High Country,www.newsnationnow.com,en,0.3,"Knoblauchpulver wegen Bakterienrisikos zurückgerufen, das Durchfall verursachen kann. Das Knoblauchpulver von Heavenly Spices wurde aufgrund einer möglichen Kontamination mit Bacillus cereus zurückgerufen.",Garlic powder recalled over bacteria risk that can cause diarrhea,Heavenly Spices garlic powder was recalled due to possible Bacillus cereus contamination.,Garlic powder recalled over bacteria risk that can cause diarrhea. Heavenly Spices garlic powder was recalled due to possible Bacillus cereus contamination.,Allium pulveris super bacteria periculum revocatur quod fluxus ventris potest causare. Aromata caelestia revocaverunt ob allium pulveris bacillus cereus contaminationem fieri.,https://www.newsnationnow.com/us-news/recalls/garlic-powder-recalled-bacterial-contamination-risk/,https://s.yimg.com/lo/mysterio/api/40e880ada64fb992eca3163cdfafdf15b3d5af3fd877c3ff2f80e99805b298f8/lightyear_networkapi/resizefill_w900_h600;quality_80;format_webp/https:%2F%2Fmedia.zenfs.com%2Fen%2Fnewsnation_articles_600%2F829a6257317ec9dfbe1308cf23e99f52,,"(NewsNation) A garlic powder sold across Canada has been recalled due to potential bacterial contamination.
The Canadian Food Inspection Agency (CFIA) issued the recall due to concerns that Heavenly… [+2493 chars]",,2026-07-25 02:29:06+00:00,wmo,New Zealand,NZ,Oceania
1bb5c03e8abcec724e4b1c78271fb4eb,2026-07-22T15:24:22Z,Flood,Flooding Bandera TX Kerr TX Medina TX,i-epikaira.blogspot.com,en,0.3,"Από την Κλιμάκωση στην Αποπαγκοσμιοποίηση - Ημερήσια Γεωπολιτική Επισκόπηση (22.07.2026). Bearbeitet von iEpikaira*

 [Η ανάλυση παρατίθεται παρακάτω και στα ελληνικά.]

 Zusammenfassung

 Die eskalierende Konfrontation zwischen Washington und Teheran verändert die geopolitische Architektur des Nahen Ostens grundlegend, mit kaskadierenden Auswirkungen auf …",Από την Κλιμάκωση στην Αποπαγκοσμιοποίηση - Ημερήσια Γεωπολιτική Επισκόπηση (22/07/2026),"Edited by iEpikaira*

 [Η ανάλυση παρατίθεται παρακάτω και στα ελληνικά.]

 Executive Summary

 The escalating confrontation between Washington and Tehran is fundamentally reshaping the geopolitical architecture of the Middle East, with cascading effects o…","Από την Κλιμάκωση στην Αποπαγκοσμιοποίηση - Ημερήσια Γεωπολιτική Επισκόπηση (22/07/2026). Edited by iEpikaira*

 [Η ανάλυση παρατίθεται παρακάτω και στα ελληνικά.]

 Executive Summary

 The escalating confrontation between Washington and Tehran is fundamentally reshaping the geopolitical architecture of the Middle East, with cascading effects o…","πό την λιμάκωση στην Αποπαγκοσμιοποίηση - μερήσια Γεωπολιτική Επισκόπηση (22/07/2026). By iEpikaira*

 [Η ανάλυση παρατίθεται παρακάτω και στα ελληνικά.]

 Executive Summarium

 Exercitatio inter Washington et Tehran escalating fundamentaliter structuram geopoliticam Medi Orientis efformans, cum lapsus effectus o…",https://i-epikaira.blogspot.com/2026/07/22072026.html,https://lh3.googleusercontent.com/d/15If_NX5HuC7KXwQyn60NWabnOPHlj_P1=s1600,,"Edited by iEpikaira*
[ .]
Executive Summary
The escalating confrontation between Washington and Tehran is fundamentally reshaping the geopolitical architecture of the Middle East, with cascading e… [+8685 chars]",,2026-07-25 02:29:06+00:00,wmo,United States,CNA,North-America
5034b6b45e5d1e5de2fc4568f157e77f,2026-07-22T18:17:34Z,Wildfire,Wildfire Lower Columbia Basin of Oregon,financialpost.com,en,0.3,"Die USA setzen angesichts der wachsenden weltweiten Knappheit auf Vollgas bei der Dieselproduktion. US-Raffinerien steigern die Dieselproduktion nahezu auf Rekordniveau und widersetzen sich damit saisonalen Trends, da die Kriege in Russland und im Iran eine weltweite Versorgungsknappheit auslösen.",US Goes All-In on Diesel Production Amid Growing Global Shortage,"US refiners are ramping up diesel production to near-record levels, bucking seasonal trends as the Russia and Iran wars trigger a global supply crunch.","US Goes All-In on Diesel Production Amid Growing Global Shortage. US refiners are ramping up diesel production to near-record levels, bucking seasonal trends as the Russia and Iran wars trigger a global supply crunch.","US omnes-in in Diesel productione inter Crescens Global penuriam. US conflatores ad productionem pellentesque rapientes ad gradus prope-recordores, bucking trends seasonal as Russia et Iran bella trigger a global copia frangunt.",https://financialpost.com/pmn/business-pmn/us-goes-all-in-on-diesel-production-amid-growing-global-shortage,https://smartcdn.gprod.postmedia.digital/financialpost/wp-content/uploads/2026/07/margins-for-making-diesel-are-near-record-highs-diesel-pric.jpg,,"(Bloomberg) US refiners are ramping up diesel production to near-record levels, bucking seasonal trends as the Russia and Iran wars trigger a global supply crunch.
THIS CONTENT IS RESERVED FOR SUBSC… [+4594 chars]",,2026-07-25 02:29:06+00:00,wmo,United States,CNA,North-America
d9cdb9eafb688456d89b5a1b0c4b8a95,2026-07-23T01:15:41Z,Wildfire,Wildfire Salt Lake Desert,www.cbc.ca,en,0.3,"Zwei Tornados in Zentral-Alberta wurden im weiteren Verlauf der aktiven Saison als „bedeutende“ EF-2-Twister bestätigt. Ermittler bestätigten, dass es sich bei zwei Tornados, die am Samstag in West-Zentral-Alberta landeten, um EF-2-Twister handelte – mit Windgeschwindigkeiten von etwa 190 km/h –, die erhebliche Schäden an Gebäuden und Bäumen verursachten.",2 central Alberta tornadoes confirmed as 'significant' EF-2 twisters as active season continues,Investigators confirmed two tornadoes that touched down in west-central Alberta on Saturday were EF-2 twisters — with wind speeds reaching roughly 190 km/h — that caused extensive structural and tree damage.,2 central Alberta tornadoes confirmed as 'significant' EF-2 twisters as active season continues. Investigators confirmed two tornadoes that touched down in west-central Alberta on Saturday were EF-2 twisters — with wind speeds reaching roughly 190 km/h — that caused extensive structural and tree damage.,"2 centralis Alberta tornadoes confirmavit ut 'significat' EF-2 twisters sicut tempus activum pergit. Indagatores confirmaverunt duos tornados, quae in Alberta die Sabbati centralis occidentalis tetigerunt, erant EF-II torquentes — cum velocitatibus ventorum fere 190 km/h attingentibus — quae damna ampla structurae et ligni attulerunt.",https://www.cbc.ca/news/canada/edmonton/alberta-rocky-mountain-house-tornado-9.7280238,"https://i.cbc.ca/ais/514852a6-bec1-46b9-9b25-be3a0b82d90a,1784766832311/full/max/0/default.jpg?im=Crop%2Crect%3D%280%2C0%2C1280%2C720%29%3BResize%3D620",,Investigators with Western Universitys Northern Tornadoes Project (NTP) have confirmed two tornadoes that touched down in west-central Alberta on Saturday were EF-2 twisters [on the enhanced Fujita s… [+4511 chars],,2026-07-25 02:29:06+00:00,wmo,United States,CNA,North-America
f7ab55d44cdd2587bcfc2c8eb619db4e,2026-07-23T04:39:00Z,Storm,Storm United States,www.lifesciencesworld.com,en,0.3,"Wann sollte ich aufhören, meinen Kolibri-Futterspender nachzufüllen? Wann sollte ich aufhören, meinen Kolibri-Futterspender nachzufüllen? Für die Gesundheit und das Wohlbefinden dieser kleinen Vögel ist es von entscheidender Bedeutung, zu wissen, wann Sie mit dem Nachfüllen Ihres Kolibri-Futterspenders aufhören müssen. Im Allgemeinen sollten Sie aufhören, wenn sie auf natürliche Weise aus Ihrem Gebiet wegwandern, normalerweise nach einer oder zwei Wochen …",When should I stop refilling my hummingbird feeder?,"When Should I Stop Refilling My Hummingbird Feeder? Knowing when to stop refilling your hummingbird feeder is crucial for these tiny birds’ health and well-being; generally, you should stop when they naturally migrate away from your area, usually a week or tw…","When should I stop refilling my hummingbird feeder?. When Should I Stop Refilling My Hummingbird Feeder? Knowing when to stop refilling your hummingbird feeder is crucial for these tiny birds’ health and well-being; generally, you should stop when they naturally migrate away from your area, usually a week or tw…","Quando desinam satietas hummingbird mea replere? Quando desinam replere Hummingbird Faeder? Sciens quando desineres satietas hummingales tuas implere, pendet his bestiolae avium valetudinem et bene esse; generaliter desinas, cum naturaliter migrant e regione tua, fere hebdomada vel tw…",https://www.lifesciencesworld.com/when-should-i-stop-refilling-my-hummingbird-feeder/,,,"Knowing when to stop refilling your hummingbird feeder is crucial for these tiny birds’ health and well-being; generally, you should stop when they naturally migrate away from your area, usually a we… [+8760 chars]",,2026-07-25 02:29:06+00:00,wmo,United States,CNA,North-America
868637b066938e57fb57d78bd2706073,2026-07-23T07:39:06Z,Tropical Cyclone,Typhoon United States,www.lifesciencesworld.com,en,0.3,"Was ist der schwerste Maultierhirsch, der jemals registriert wurde? Was ist der schwerste Maultierhirsch, der jemals registriert wurde? Enthüllung eines Rekordbocks Die endgültige Antwort auf die Frage „Welcher ist der schwerste Maultierhirsch, der jemals registriert wurde?“ ist ein in Alberta, Kanada, gefangener Bock, der unglaubliche 530 Pfund wiegt. Einleitung: Die Majestät der Mu…",What is the heaviest mule deer ever recorded?,"What is the Heaviest Mule Deer Ever Recorded? Unveiling a Record-Breaking Buck The definitive answer to “What is the heaviest mule deer ever recorded?” is a buck taken in Alberta, Canada, weighing in at a staggering 530 pounds. Introduction: The Majesty of Mu…","What is the heaviest mule deer ever recorded?. What is the Heaviest Mule Deer Ever Recorded? Unveiling a Record-Breaking Buck The definitive answer to “What is the heaviest mule deer ever recorded?” is a buck taken in Alberta, Canada, weighing in at a staggering 530 pounds. Introduction: The Majesty of Mu…","Quid mula cerva gravissima unquam memoratur? Quid est Gravissimum mule cervi umquam exposita? Recordum-Buck revelans responsum definitivum ""Quae semper exposita est mulus cervus gravissimus?"" Hircus in Alberta, Canada captus est, pondo vacillans 530 pondo. Prooemium: Maiestas Mu…",https://www.lifesciencesworld.com/what-is-the-heaviest-mule-deer-ever-recorded/,,,"What is the Heaviest Mule Deer Ever Recorded? Unveiling a Record-Breaking Buck
The definitive answer to “What is the heaviest mule deer ever recorded?” is a buck taken in Alberta, Canada, weighing i… [+8949 chars]",,2026-07-25 02:29:06+00:00,wmo,United States,CNA,North-America
6fd79495e47d6fb5986fa399463645fd,2026-07-23T09:07:14Z,Flood,flooding Tasmania,financialpost.com,en,0.3,"Die Hitzewelle im Juni kostete die britische Wirtschaft 1,5 Milliarden US-Dollar. Die sengenden Temperaturen brachten Mängel in Großbritanniens Häusern, Arbeitsplätzen und öffentlichen Verkehrsmitteln ans Licht.",Heat Wave in June Cost the UK Economy $1.5 Billion,"Scorching temperatures exposed shortcomings in Britain’s homes, workplaces and public transport.","Heat Wave in June Cost the UK Economy $1.5 Billion. Scorching temperatures exposed shortcomings in Britain’s homes, workplaces and public transport.","Calefacere Undo mense Iunio Pretium Oeconomiae UK $ 1.5 Billion indicem. Defectus in Britannia domos, officinas et onera publicas expositae calores aestuosi sunt.",https://financialpost.com/pmn/business-pmn/heat-wave-in-june-cost-the-uk-economy-1-5-billion,,,"(Bloomberg) The heat wave that scorched western and central Europe in June cost the UK economy £1.15 billion ($1.5 billion) in lost hours of work, according to new research. 
THIS CONTENT IS RESERVE… [+5017 chars]",,2026-07-25 02:29:06+00:00,acwe,Australia,SAU,Oceania
b3ebb59569cc6ed898de4c38c5c2ec5b,2026-07-23T14:00:00Z,Flood,Flashflood Wilkes GA,www.prnewswire.com,en,0.3,"Payoneer wird am 6. August 2026 die Ergebnisse des zweiten Quartals 2026 bekannt geben. NEW YORK, 23. Juli 2026 /PRNewswire/ -- Payoneer Global Inc. (NASDAQ: PAYO) („Payoneer“ oder das „Unternehmen“), das globale Finanztechnologieunternehmen, das grenzüberschreitendes Geschäftswachstum vorantreibt, wird am Donnerstag, den 23. August 2026, seine Finanzergebnisse für das zweite Quartal 2026 bekannt geben.","Payoneer to Report Second Quarter 2026 Results on August 6, 2026","NEW YORK, July 23, 2026 /PRNewswire/ -- Payoneer Global Inc. (NASDAQ: PAYO) (""Payoneer"" or the ""Company""), the global financial technology company powering business growth across borders, will report its Second Quarter 2026 financial results on Thursday, Augu…","Payoneer to Report Second Quarter 2026 Results on August 6, 2026. NEW YORK, July 23, 2026 /PRNewswire/ -- Payoneer Global Inc. (NASDAQ: PAYO) (""Payoneer"" or the ""Company""), the global financial technology company powering business growth across borders, will report its Second Quarter 2026 financial results on Thursday, Augu…","Payoneer to Report Second Quarter 2026 Proventus in die 6 Augusti 2026. NEW EBORACUM, July 23, 2026 /PRNewswire/ -- Payoneer Global Inc. (NASDAQ: PAYO) (""Payoneer"" vel ""Societas""), societas technicae oeconomicae globalis negotia augendi per fines transiens nuntiabit suum Secundum 2026 eventum pecuniarium die Iovis, Augu…",https://www.prnewswire.com/news-releases/payoneer-to-report-second-quarter-2026-results-on-august-6-2026-302832709.html,https://mmx.prnewswire.com/media/MS1701774/Payoneer-Logo.jpg?id=OA2779437&p=facebook,,"NEW YORK, July 23, 2026 /PRNewswire/ -- Payoneer Global Inc. (NASDAQ: PAYO) (""Payoneer"" or the ""Company""), the global financial technology company powering business growth across borders, will report… [+11695 chars]",,2026-07-25 02:29:06+00:00,wmo,United States,CNA,North-America
49a528ee874c472ab73fbe271386fc84,2026-07-23T19:09:28Z,Flood,Flooding Canada,www.cbc.ca,en,0.3,"West-Nil-Virus in Calgary-Mücken dieses Jahr früher als üblich entdeckt. Forscher der Universität Calgary fordern die Menschen auf, in der Stadt Vorkehrungen gegen Mücken zu treffen, die das West-Nil-Virus übertragen.",West Nile virus detected in Calgary mosquitoes earlier than usual this year,Researchers at the University of Calgary are urging people to take precautions against mosquitoes carrying West Nile virus in the city.,West Nile virus detected in Calgary mosquitoes earlier than usual this year. Researchers at the University of Calgary are urging people to take precautions against mosquitoes carrying West Nile virus in the city.,Virus Nili occidentalis in Calgary culicibus solito maturius hoc anno deprehensus est. Investigatores in Universitate Calgary homines hortantur ut caveant culicibus portantes virus Nili occidentale in urbe.,https://www.cbc.ca/news/canada/calgary/west-nile-calgary-mosquitoes-9.7281079,"https://i.cbc.ca/ais/1.5593760,1721482558000/full/max/0/default.jpg?im=Crop%2Crect%3D%280%2C215%2C1688%2C949%29%3BResize%3D620",,"Researchers at the University of Calgary say there are mosquitoes carrying West Nile virus in the city, and theyre urging people to take precautions.
At the same time, Primary Care Alberta confirms … [+3402 chars]",,2026-07-25 02:29:06+00:00,wmo,Canada,NEN,North-America
fd22f19e5495fd64f9b8f8b363e74465,2026-07-23T23:41:24Z,Flood,Flashflood Crawford MO Washington MO,www.cbc.ca,en,0.3,"Frau bekennt sich schuldig bei Schmuggeloperation am Sankt-Lorenz-Strom, bei der eine Familie getötet wurde. Eine kanadisch-amerikanische Doppelbürgerin hat sich ihrer Rolle bei einer Menschenschmuggeloperation schuldig bekannt, die zum Tod einer vierköpfigen rumänischen Familie und eines Bootsführers im Sankt-Lorenz-Strom führte.",Woman pleads guilty in St. Lawrence River smuggling operation that killed family,A dual Canadian-American citizen has pleaded guilty to her role in a human smuggling operation that resulted in the deaths of a Romanian family of four and a boat operator in the St. Lawrence River.,Woman pleads guilty in St. Lawrence River smuggling operation that killed family. A dual Canadian-American citizen has pleaded guilty to her role in a human smuggling operation that resulted in the deaths of a Romanian family of four and a boat operator in the St. Lawrence River.,Mulier impium agit in operatione S. Laurentii flumen smugging qui familiam occidit. Dualis civis Canadian-Americanus suum munus confessus est in operatione humana smuggillantis quae consecuta est in mortibus familiae Romanianae quattuor et navigii operantis in S. Laurentio Flumine.,https://www.cbc.ca/news/canada/montreal/woman-guilty-river-deaths-9.7281784,"https://i.cbc.ca/ais/1.7306716,1724815427000/full/max/0/default.jpg?im=Crop%2Crect%3D%280%2C0%2C1919%2C1079%29%3BResize%3D620",,A dual Canadian-American citizen has pleaded guilty to her role in a human smuggling operation that resulted in the deaths of a Romanian family of four and a boat operator in the St. Lawrence River t… [+1444 chars],,2026-07-25 02:29:06+00:00,wmo,United States,CNA,North-America
410efdd2a6cdc98e9cb4201602afc1ce,2026-07-05T20:41:22Z,Storm,Storm Coastal and offshore areas.,insidethemagic.net,en,0.2,"Sommerschmelze: Massiver Sturm legt Dutzende Fahrgeschäfte in Disney World lahm und legt Magic Kingdom lahm. Für Tausende von Familien, die während der geschäftigen Sommerferienzeit im Walt Disney World Resort zusammengepfercht waren, wurde ein geschäftiger Nachmittag schnell zu einem Betriebsstillstand. Ein gewaltiges, schweres Gewittersystem fegte über Zentralflorida und brachte sintflutartige …","Summer Meltdown: Massive Storm Shuts Down Dozens of Disney World Rides, Paralyzes Magic Kingdom","For thousands of families packed into Walt Disney World Resort for the busy summer holiday season, a high-stakes afternoon quickly turned into an operational standstill. A massive, severe thunderstorm system swept through Central Florida, bringing torrential …","Summer Meltdown: Massive Storm Shuts Down Dozens of Disney World Rides, Paralyzes Magic Kingdom. For thousands of families packed into Walt Disney World Resort for the busy summer holiday season, a high-stakes afternoon quickly turned into an operational standstill. A massive, severe thunderstorm system swept through Central Florida, bringing torrential …","Aestas Meltdown: ingens tempestas clausas Dozens of Disney World Rides, Paralyses Magica Regnum. Ad milia familiarum in Walt Disney Obstinatio Mundi conferta propter ferias aestivas temporis occupatas, summus pali post meridiem cito in sistendam perficiendam vertitur. Tonitruum ingens et vehemens ratio per Central Floridam rapitur, torrentia ferens …",https://insidethemagic.net/2026/07/massive-storm-shuts-down-all-outdoor-attractions-at-disney-world-ruining-magic-kingdom-rl1/,https://insidethemagic.net/wp-content/uploads/2026/07/Untitled-design-2.jpg,,"For thousands of families packed into Walt Disney World Resort for the busy summer holiday season, a high-stakes afternoon quickly turned into an operational standstill. A massive, severe thunderstor… [+7170 chars]",,2026-07-25 16:03:42+00:00,wmo,Belize,SCA,North-America
dab8471de3d70a738b4fdce6daf9d1d5,2026-07-02T12:00:00Z,Flood,Flood Harrison WV,www.globalsecurity.org,en,0.2,"PNG erhielt nach dem Zyklon Maila Millionen, doch einige Bewohner warten immer noch auf Hilfe. Nachdem der Zyklon Maila im April Teile von Papua-Neuguinea verwüstet hatte, flossen Katastrophenhilfegelder in das Land, doch viele der betroffenen Bewohner sagten gegenüber Radio Free Asia, dass sie kaum oder gar keine Hilfe von den Behörden erhalten hätten.","PNG received millions after Cyclone Maila, but some residents still wait for relief","After Cyclone Maila devastated parts of Papua New Guinea in April, disaster relief funds poured into the country, but many of the affected residents told Radio Free Asia that they have received little or no assistance from authorities.","PNG received millions after Cyclone Maila, but some residents still wait for relief. After Cyclone Maila devastated parts of Papua New Guinea in April, disaster relief funds poured into the country, but many of the affected residents told Radio Free Asia that they have received little or no assistance from authorities.","PNG decies centena millia postquam Maila Cyclone accepit, sed nonnulli incolas subsidio exspectant. Postquam Cyclone Maila partes Papuae Novae Guineae mense Aprili vastavit, pecunia calamitatis subsidio in patriam effusa est, sed multi affecti incolas dixerunt Radio Free Asia se parum vel nullum auxilium ab auctoribus accepisse.",https://www.globalsecurity.org/military/library/news/2026/07/mil-260702-rfa01.htm,,,"Cash donations from China and Australia made headlines, but government has helped only 'severely affected' areas.
By Harlyne Joku for RFA2026.07.02
PORT MORESBY, Papua New Guinea -- After Cyclone M… [+4241 chars]",,2026-07-25 20:50:39+00:00,wmo,United States,CNA,North-America
f93ed7a34717ab7d76ba9d00892a834a,2026-07-22T09:15:35Z,Storm,Storm All waters,www.npr.org,en,0.7,"Der Tropensturm Bertha trifft auf Land, aber der Schaden scheint begrenzt zu sein. Es wird erwartet, dass die Sturmschäden begrenzt sind, da das El Niño-Wettermuster seinen schlimmsten Auswirkungen entgegenwirken wird. Aufgrund des ungewöhnlich warmen Wassers im Atlantik ist die Gefahr zerstörerischer Stürme jedoch weiterhin hoch.",Tropical Storm Bertha makes landfall but damage appears limited,Storm damage is expected to be limited because the El Niño weather pattern will counter its worst effects. But unusually warm waters in the Atlantic means the risk of destructive storms is still high.,Tropical Storm Bertha makes landfall but damage appears limited. Storm damage is expected to be limited because the El Niño weather pattern will counter its worst effects. But unusually warm waters in the Atlantic means the risk of destructive storms is still high.,Tropical Storm Bertha scandala facit sed damnum limitatum apparet. Tempestas damnum limitatum esse expectat quod ratio tempestatis El Niño suos pessimos effectus opponet. Sed aquae calidae in Atlantico solito periculo periculosum tempestatum perniciosorum adhuc altum est.,https://www.npr.org/2026/07/22/nx-s1-5902142/tropical-storm-bertha-makes-landfall-but-damage-appears-limited,https://npr.brightspotcdn.com/dims3/default/strip/false/crop/3000x1688+0+156/resize/1400/quality/85/format/jpeg/?url=http%3A%2F%2Fnpr-brightspot.s3.amazonaws.com%2F60%2F89%2Fcbd003014e2cbe66db073d8a3d4e%2Fap26202521152562.jpg,,"Tropical Storm Bertha came ashore in Southeastern Louisiana early Wednesday morning, bringing up to three feet of storm surge and winds as high as 60 miles per hour.
Weather forecasting models do no… [+3636 chars]",,2026-07-26 02:36:10+00:00,wmo,Solomon Islands,EPO,Oceania
6790c879dc8547578dd6c9926fb63e2e,2026-07-06T13:59:00Z,Heat Wave,Heat Wave Manning Skagit Valley,www.dw.com,en,0.3,"El Nino: Ist Afrika bereit für den perfekten Sturm? Ein starker El Niño, der später in diesem Jahr erwartet wird, könnte Dürre, Überschwemmungen und Vertreibung in Teilen Afrikas mit sich bringen. Experten halten die Warnungen für klar, fragen sich jedoch, ob die Regierungen handeln können, bevor eine Katastrophe eintritt.",El Nino: Is Africa ready for the perfect storm?,"A strong El Nino expected later this year could bring drought, floods and displacement to parts of Africa. Experts say the warnings are clear, but question whether governments can act before disaster strikes.","El Nino: Is Africa ready for the perfect storm?. A strong El Nino expected later this year could bring drought, floods and displacement to parts of Africa. Experts say the warnings are clear, but question whether governments can act before disaster strikes.","El Nino: Estne Africa perfecta tempestas parata? Fortis El Nino hoc anno exspectatio sitim, inundationes et obsessionem ad partes Africae adducere potuit. Periti admonitiones clarae dicunt, sed quaeritur an imperia ante cladem agere possint.",https://www.dw.com/en/el-nino-is-africa-ready-for-the-perfect-storm/a-77826694,https://static.dw.com/image/75915517_6.jpg,,The United Nations Food and Agriculture Organization (FAO) and the World Food Programme (WFP) have appealed for over $200 million in funds to help protect 8.8 million people across 22 high-risk count… [+7757 chars],,2026-07-26 16:00:42+00:00,wmo,Canada,NEN,North-America
be438bd11aa8c2f55fa8d41ddaa7f23a,2026-07-18T14:57:49Z,Flood,Flooding Christian MO Stone MO,www.globalresearch.ca,en,0.3,"Geopolitik: Verabscheuungswürdige offene Offenlegungen. US-Einfluss in Afrika. Es ist die ärgerlichste und beleidigendste Sache, die dem Image und der Würde eines Afrikaners angetan wird: denn solche verabscheuungswürdigen offenen Enthüllungen, die ein ehemaliger südafrikanischer Agent und Militärangehöriger in einem selbst herbeigeführten Geständnis … in den sozialen Medien viral gemacht hat …
Der Beitrag Geopolitik…",Geopolitics: Despicable Open Disclosures. US Influence in Africa,"It is the most annoying and insulting thing done to the image and dignity of the African: for such despicable open disclosures made viral on social media by a former South African operative and serviceman in a self-induced confession of …
The post Geopolitics…","Geopolitics: Despicable Open Disclosures. US Influence in Africa. It is the most annoying and insulting thing done to the image and dignity of the African: for such despicable open disclosures made viral on social media by a former South African operative and serviceman in a self-induced confession of …
The post Geopolitics…","Geopolitica: Despicabilis Open Detecta. U. In Africa. Molestissima et contumeliosa res est ad imaginem et dignitatem Africani peractam: nam tam despecta aperta detectio viralis in socialibus instrumentis facta est a priore Africano meridionali operanti et servienti in propria confessione ...
Post Geopolitica...",https://www.globalresearch.ca/geopolitics-despicable-open-disclosures-us-influence-africa/5933394,https://www.globalresearch.ca/wp-content/uploads/2026/07/us-ghana-covax-2021.jpg,,It is the most annoying and insulting thing done to the image and dignity of the African: for such despicable open disclosures made viral on social media by a former South African operative and servi… [+4710 chars],,2026-07-26 16:00:42+00:00,wmo,United States,CNA,North-America
53365418c947c9b0972f714e5cd41431,2026-07-22T16:00:00Z,Drought,Drought Belize,deadline.com,en,0.3,"Oskar Eustis tritt nach 23 Jahren als künstlerischer Leiter des öffentlichen Theaters zurück. Oskar Eustis, einer der prominentesten Kräfte des New Yorker Theaters, tritt nach 23 Jahren von seiner Position als künstlerischer Leiter des Public Theatre zurück. Zu seinen größten und zahlreichen Errungenschaften während seiner Zeit bei The Public gehörte die Entwicklung von Li…",Oskar Eustis To Step Down As Public Theater Artistic Director After 23 Years,"Oskar Eustis, among the most prominent forces in New York theater, is stepping down from his position as Artistic Director of The Public Theater after 23 years. Among his major and many accomplishments during his tenure at The Public was the development of Li…","Oskar Eustis To Step Down As Public Theater Artistic Director After 23 Years. Oskar Eustis, among the most prominent forces in New York theater, is stepping down from his position as Artistic Director of The Public Theater after 23 years. Among his major and many accomplishments during his tenure at The Public was the development of Li…","Oskar Eustis To Step Down As Public Theatre Artistic Director After 23 Years. Oskar Eustis, inter primas copias in theatro Novi Eboraci, ab eo loco descendit ut Director Artium Publici Theatri post 23 annos. Inter maiora et multa opera in Clodio suo Publico Li… evolutionis fuit.",http://deadline.com/2026/07/oskar-eustis-public-theater-broadway-hamilton-1237000200/,https://deadline.com/wp-content/uploads/2026/07/GettyImages-2212538279.jpg?w=1024,,"Oskar Eustis, among the most prominent forces in New York theater, is stepping down from his position as Artistic Director of The Public Theater after 23 years.
Among his major and many accomplishme… [+7517 chars]",,2026-07-26 16:00:42+00:00,edo,Belize,SCA,North-America
10317efa85ea00513929cb91d8861c5c,2026-07-01T14:30:07Z,Earthquake,Earthquake Mauritius,bringatrailer.com,en,0.3,"1979er Mercedes-Benz 450SL ohne Reserve. Dieser Mercedes-Benz 450SL aus dem Jahr 1979 wurde in Kanada als Neuwagen verkauft und verbrachte einige Zeit in Washington und Kalifornien, bevor er im Juni 2024 vom Verkäufer auf BaT gekauft wurde. Nachfolgende Arbeiten umfassten den Austausch der Reifen, Bremsbeläge, Verschleißsensoren und hinteren Auspuffkomponenten sowie …",1979 Mercedes-Benz 450SL at No Reserve,"This 1979 Mercedes-Benz 450SL was sold new in Canada and spent time in Washington and California before it was purchased by the seller on BaT in June 2024. Subsequent work included replacing the tires, brake pads, wear sensors, and rear exhaust components, al…","1979 Mercedes-Benz 450SL at No Reserve. This 1979 Mercedes-Benz 450SL was sold new in Canada and spent time in Washington and California before it was purchased by the seller on BaT in June 2024. Subsequent work included replacing the tires, brake pads, wear sensors, and rear exhaust components, al…","1979 Mercedes-Benz 450SL in No Subsidium. Hoc 1979 Mercedes-Benz 450SL novum in Canada venditum est et tempus in Washington et California commoratus est antequam a venditore die BaT mense Iunio 2024 empta est. Sequens opus inclusum reposuit coronas, pads fregit, sensores gerunt, et partes exhauriunt tergo, al...",https://bringatrailer.com/listing/1979-mercedes-benz-450sl-180/,https://bringatrailer.com/wp-content/uploads/2026/06/PXL_20260615_161937224-copy-2026-06-23-8y5-85739-scaled.jpg,,This 1979 Mercedes-Benz 450SL was sold new in Canada and spent time in Washington and California before it was purchased by the seller on BaT in June 2024. Subsequent work included replacing the tire… [+2909 chars],,2026-07-27 16:56:49+00:00,usgs,Mauritius,SIO,Indian Ocean
840d60f68df6f078c026e194ff6b78ce,2026-07-02T19:25:16Z,Storm,Storm India,bringatrailer.com,en,0.3,"3.500 Kilometer 2001 BMW Z3 2.5i. Dieser auf dem kanadischen Markt erhältliche BMW Z3 2.5i aus dem Jahr 2001 wurde vom Vater des jetzigen Besitzers neu gekauft und weist nach mehreren längeren Lagerungszeiten nun eine Laufleistung von 3.500 Kilometern (~2.200 Meilen) auf. Angetrieben von einem 2,5-Liter-Reihensechszylinder gepaart mit einem Fünfgang-Automatikgetriebe …","3,500-Kilometer 2001 BMW Z3 2.5i","This Canadian-market 2001 BMW Z3 2.5i was purchased new by the current owner's father and now shows 3,500 kilometers (~2,200 miles) following multiple extended periods of storage. Powered by a 2.5-liter inline-six paired with a five-speed automatic transmissi…","3,500-Kilometer 2001 BMW Z3 2.5i. This Canadian-market 2001 BMW Z3 2.5i was purchased new by the current owner's father and now shows 3,500 kilometers (~2,200 miles) following multiple extended periods of storage. Powered by a 2.5-liter inline-six paired with a five-speed automatic transmissi…","3,500-Kilometer 2001 BMW Z3 2.5i. Hoc Canada-market MMI BMW Z3 2.5i novum a patre possessore emptus est et nunc ostendit 3,500 chiliometrorum (~2,200 milia passuum) sequentes multiplices periodos repositionis protractas. Powered by 2.5-liter inline-sex-paribus cum velocitate latae sententiae transmissi…",https://bringatrailer.com/listing/2001-bmw-z3-152/,https://bringatrailer.com/wp-content/uploads/2026/06/5-_EP22255-92669-scaled.jpg,,"This Canadian-market 2001 BMW Z3 2.5i was purchased new by the current owner’s father and now shows 3,500 kilometers (~2,200 miles) following multiple extended periods of storage. Powered by a 2.5-li… [+1745 chars]",,2026-07-27 16:56:49+00:00,wmo,India,SAS,Asia
4d8b6bbd48a4a5b2607466566f912478,2026-07-04T14:00:14Z,Flood,Flood Leon TX Robertson TX,bringatrailer.com,en,0.3,"2013 Toyota Land Cruiser URJ200. Dieser Toyota Land Cruiser aus dem Jahr 2013 wurde in Pennsylvania neu verkauft und 2014 nach Kanada exportiert. Er ist in Schwarz über schwarzem Leder gehalten und wird von einem 5,7-Liter-V8 angetrieben, der mit einem Sechsgang-Automatikgetriebe, einem Zweibereichs-Verteilergetriebe und einem Torsen-Sperrgetriebe verbunden ist.",2013 Toyota Land Cruiser URJ200,"This 2013 Toyota Land Cruiser was sold new in Pennsylvania and was exported to Canada in 2014. Finished in Black over Black leather, it is powered by a 5.7-liter V8 linked with a six-speed automatic transmission, a dual-range transfer case, and a Torsen locki…","2013 Toyota Land Cruiser URJ200. This 2013 Toyota Land Cruiser was sold new in Pennsylvania and was exported to Canada in 2014. Finished in Black over Black leather, it is powered by a 5.7-liter V8 linked with a six-speed automatic transmission, a dual-range transfer case, and a Torsen locki…","2013 Toyota Land Yaria URJ200. Hoc 2013 Toyota Terrae Yariae novum in Pennsylvania venditum est et in Canadam exportatum anno 2014. In corio nigro super Nigrum confectum est, per 5.7 sextarium V8 coniunctum cum velocitate latae transmissionis, duplex causa translationis, et Torsen locki…",https://bringatrailer.com/listing/2013-toyota-land-cruiser-31/,https://bringatrailer.com/wp-content/uploads/2026/06/IMG_2079-copy-2026-06-22-520-35624-scaled.jpg,,"This 2013 Toyota Land Cruiser was sold new in Pennsylvania and was exported to Canada in 2014. Finished in Black over Black leather, it is powered by a 5.7-liter V8 linked with a six-speed automatic … [+3122 chars]",,2026-07-27 16:56:49+00:00,wmo,United States,CNA,North-America
4f0400f24c075043f87eaeda47eec3ae,2026-07-07T18:23:09Z,Snow&Ice,Snow New South Wales Snowy Mountains,mobilesyrup.com,en,0.3,"Googles Pixel-11-Serie steigt im Preis im Vergleich zum Vorgänger: Bericht. Es sieht so aus, als ob Googles Flaggschiffmarke Pixel nicht mehr die erschwingliche Marke ist, die wir einst kannten und liebten. Laut einem Bericht von Dealabs sehen wir in diesem Jahr ein teureres Sortiment, das dieses Jahr jedoch bei 256 GB beginnt, statt bei 128 GB. Google wird offiziell bekannt geben…",Google’s Pixel 11 series jumps in price compared to predecessor: report,"It looks like Google’s Pixel flagship brand isn’t the affordable brand we once knew and loved. According to a report from Dealabs, we’re seeing a more expensive lineup this year, but it starts at 256GB this year, up from 128GB. Google will officially announce…","Google’s Pixel 11 series jumps in price compared to predecessor: report. It looks like Google’s Pixel flagship brand isn’t the affordable brand we once knew and loved. According to a report from Dealabs, we’re seeing a more expensive lineup this year, but it starts at 256GB this year, up from 128GB. Google will officially announce…","Google Pixel 11 series prosilit in pretio praedecessori comparato: fama. Notam praetoriam Google Pixel speciem esse non parabilis notam quam semel cognovimus et amavimus. Secundum relationem de Dealabs, hoc anno lineum pretiosiorem visimus, sed incipit hoc anno 256GB ab 128GB. Google publice nuntiabit…",https://mobilesyrup.com/2026/07/07/pixel-11-price-jump/,https://production-static.mobilesyrup.com/uploads/2025/12/pixel-10-pro-20251222-header-scaled.jpg,,"It looks like Google’s Pixel flagship brand isn’t the affordable brand we once knew and loved. According to a report from Dealabs, we’re seeing a more expensive lineup this year, but it starts at 256… [+2183 chars]",,2026-07-27 16:56:49+00:00,wmo,Australia,CAU,Oceania
3d1f54e4c9558ac4f716d0f93af2efcc,2026-07-07T21:43:55Z,Storm,Storm Surge Fort Nelson,bringatrailer.com,en,0.3,"1989 BMW 325i Cabrio ohne Reserve. Dieses BMW 325i Cabrio aus dem Jahr 1989 wurde in Nova Scotia, Kanada, neu verkauft und blieb dort bis 2024 zugelassen. Angetrieben von einem 2,5-Liter-Reihensechszylinder, der mit einem Viergang-Automatikgetriebe verbunden ist, ist das Auto in Bronzit Beige Metallic über Natur gehalten …",1989 BMW 325i Convertible at No Reserve,"This 1989 BMW 325i convertible was sold new in Nova Scotia, Canada, and remained registered in that province until 2024. Powered by a 2.5-liter inline-six linked to a four-speed automatic transmission, the car is finished in Bronzit Beige Metallic over Natur …","1989 BMW 325i Convertible at No Reserve. This 1989 BMW 325i convertible was sold new in Nova Scotia, Canada, and remained registered in that province until 2024. Powered by a 2.5-liter inline-six linked to a four-speed automatic transmission, the car is finished in Bronzit Beige Metallic over Natur …","1989 BMW 325i Convertibilis ad No Subsidium. Hoc 1989 BMW 325i convertitur, novum in Nova Scotia, Canada venditum est, et in illa provincia descripserunt usque ad annum 2024. Powered per 2.5-sextarius inline-sex coniunctus cum velocitate latae transmissionis, raeda in Bronzit Beige Metallic super Natur ... consummata est.",https://bringatrailer.com/listing/1989-bmw-325i-222/,https://bringatrailer.com/wp-content/uploads/2026/06/1989_bmw_325i_1989_bmw_325i_a3a8fcee-ed90-4bd6-b9a7-4f3d1d5817da-yyQkUF-35039-35040-scaled-1-scaled-copy-2026-06-30-dni-49487.jpg,,"This 1989 BMW 325i convertible was sold new in Nova Scotia, Canada, and remained registered in that province until 2024. Powered by a 2.5-liter inline-six linked to a four-speed automatic transmissio… [+1858 chars]",,2026-07-27 16:56:49+00:00,wmo,Canada,NEN,North-America
7c942f929218d5ed261d38ce0c50ff21,2026-07-08T18:22:00Z,Storm,Storm Surge North Thompson,bringatrailer.com,en,0.3,"3.500 Meilen 2007 Chevrolet Corvette Z06 2LZ. Diese Chevrolet Corvette Z06 aus dem Jahr 2007 wurde ursprünglich in Idaho verkauft und nach dem Kauf durch den Verkäufer im Jahr 2014 nach Kanada gebracht. Sie ist in Machine Silver über Ebony-Leder gehalten und wird von einem 7,0-Liter-LS7-V8 angetrieben, der mit einem Sechsgang-Schaltgetriebe und einem Li…","3,500-Mile 2007 Chevrolet Corvette Z06 2LZ",This 2007 Chevrolet Corvette Z06 was initially sold in Idaho and was brought into Canada after the seller's purchase in 2014. It is finished in Machine Silver over Ebony leather and powered by a 7.0-liter LS7 V8 linked with a six-speed manual gearbox and a li…,"3,500-Mile 2007 Chevrolet Corvette Z06 2LZ. This 2007 Chevrolet Corvette Z06 was initially sold in Idaho and was brought into Canada after the seller's purchase in 2014. It is finished in Machine Silver over Ebony leather and powered by a 7.0-liter LS7 V8 linked with a six-speed manual gearbox and a li…","3,500-Mile 2007 Chevrolet Corvette Z06 2LZ. Hoc 2007 Chevrolet Corvette Z06 initio in Idaho venditus fuit et in Canadam post emptionem venditoris anno 2014. delatus est in Machina Argentea super corium ebenum et cum potestate 7.0-liter LS7 V8 coniunctum cum calces manualibus sex velocitatis et li…",https://bringatrailer.com/listing/2007-chevrolet-corvette-z06-115/,https://bringatrailer.com/wp-content/uploads/2026/06/2007_chevrolet_corvette-z06_2007_chevrolet_corvette-z06_184048de-a9b5-4b0f-bbcf-0ee9b43f8490-SGw71x-48932-48933-scaled-1-scaled-copy-2026-06-30-q66-59468.jpg,,This 2007 Chevrolet Corvette Z06 was initially sold in Idaho and was brought into Canada after the seller’s purchase in 2014. It is finished in Machine Silver over Ebony leather and powered by a 7.0-… [+2178 chars],,2026-07-27 16:56:49+00:00,wmo,Canada,NEN,North-America
b7a4efa084e7c86dfe0a7a7ac3667dd3,2026-07-09T16:40:12Z,Precipitation,Torrential Rain New Zealand,bringatrailer.com,en,0.3,"22.000 Meile 2008 Infiniti G37 6-Gang. Dieser Infiniti G37 Sport aus dem Jahr 2008 wurde ursprünglich an Infiniti in Madison in Wisconsin geliefert und anschließend im Jahr 2008 nach Kanada importiert. Das Auto hat eine Laufleistung von 22.000 Meilen und wird von einem 3,7-Liter-V6 angetrieben, gepaart mit einem Sechsgang-Schaltgetriebe und einem Sperrdifferenzial.",22k-Mile 2008 Infiniti G37 6-Speed,This 2008 Infiniti G37 Sport was initially delivered to Infiniti of Madison in Wisconsin and was subsequently imported to Canada in 2008. The car has 22k miles and is powered by a 3.7-liter V6 paired with a six-speed manual transmission and a limited-slip dif…,22k-Mile 2008 Infiniti G37 6-Speed. This 2008 Infiniti G37 Sport was initially delivered to Infiniti of Madison in Wisconsin and was subsequently imported to Canada in 2008. The car has 22k miles and is powered by a 3.7-liter V6 paired with a six-speed manual transmission and a limited-slip dif…,22k-Mile 2008 Infiniti G37 6-Speed. Hoc 2008 Infiniti G37 Lusus initio Infiniti Madison in Wisconsin traditus est et postea in Canadam in 2008 importatus est. Raeda 22k milia habet et 3.7 sextarius V6 paribus cum sex velocitate manuali transmissione et limitata dif…,https://bringatrailer.com/listing/2008-infiniti-g37-20/,https://bringatrailer.com/wp-content/uploads/2026/06/Infiniti_-_Red-32-22321-scaled.jpg,,This 2008 Infiniti G37 Sport was initially delivered to Infiniti of Madison in Wisconsin and was subsequently imported to Canada in 2008. The car has 22k miles and is powered by a 3.7-liter V6 paired… [+2029 chars],,2026-07-27 16:56:49+00:00,wmo,New Zealand,NZ,Oceania
dbd3d32a7dffbe89f61d1c274eec1512,2026-07-09T22:55:16Z,Flood,Flood Live Oak TX McMullen TX,bringatrailer.com,en,0.3,"1999 Porsche 911 Carrera Cabriolet 6-Gang. Bei diesem Porsche 911 Carrera Cabriolet aus dem Jahr 1999 handelt es sich um ein Auto für den US-Markt, das in Kalifornien zugelassen war, bis es im Juni 2010 nach Kanada importiert wurde. Das Auto wurde vom Verkäufer im selben Jahr gekauft. Es ist in Polar Silver Metallic über Boxster Red-Leder gehalten …",1999 Porsche 911 Carrera Cabriolet 6-Speed,This 1999 Porsche 911 Carrera cabriolet is a US-market car that was registered in California until it was imported into Canada in June 2010. The car was purchased by the seller in the same year. It is finished in Polar Silver Metallic over Boxster Red leather…,1999 Porsche 911 Carrera Cabriolet 6-Speed. This 1999 Porsche 911 Carrera cabriolet is a US-market car that was registered in California until it was imported into Canada in June 2010. The car was purchased by the seller in the same year. It is finished in Polar Silver Metallic over Boxster Red leather…,1999 Porsche 911 Carrera Cabriolet 6-Speed. Hoc 1999 Porsche 911 Carrera cabriolet currus US mercatus in California relatus est donec in Canadam mense Iunio 2010 importatus est. Raeda a venditore eodem anno empta est. Consummatum est in Polar Argenteo Metallico super Boxster Red corium…,https://bringatrailer.com/listing/1999-porsche-911-carrera-cabriolet-166/,https://bringatrailer.com/wp-content/uploads/2026/06/IMG_2079-scaled-copy-2026-06-30-jtq-34811.jpeg,,This 1999 Porsche 911 Carrera cabriolet is a US-market car that was registered in California until it was imported into Canada in June 2010. The car was purchased by the seller in the same year. It i… [+3442 chars],,2026-07-27 16:56:49+00:00,wmo,United States,CNA,North-America
515a613ea945e5b79b14a53f7b8fb9d6,2026-07-12T19:20:11Z,Flood,Flood Washington LA Pearl River MS,bringatrailer.com,en,0.3,"Modifiziertes Porsche 911 Turbo S Coupé aus dem Jahr 2011. Dieses Porsche 911 Turbo S Coupé von 2011 wird von einem 3,8-Liter-Sechszylinder-Boxermotor mit zwei Turboladern angetrieben, der mit einem Champion Motorsport Turbo Power-Kit mit 68-mm-VTG-Turboladern, einer Tubi-Abgasanlage, einem Y-Rohr aus Kohlefaser, einer GIAC-Motormanagementsoftware und … modifiziert wurde.",Modified 2011 Porsche 911 Turbo S Coupe,"This 2011 Porsche 911 Turbo S coupe is powered by a twin-turbocharged 3.8L flat-six that has been modified with a Champion Motorsport Turbo Power kit with 68mm VTG turbochargers, a Tubi exhaust system, carbon-fiber Y-pipe, GIAC engine management software, and…","Modified 2011 Porsche 911 Turbo S Coupe. This 2011 Porsche 911 Turbo S coupe is powered by a twin-turbocharged 3.8L flat-six that has been modified with a Champion Motorsport Turbo Power kit with 68mm VTG turbochargers, a Tubi exhaust system, carbon-fiber Y-pipe, GIAC engine management software, and…","Mutatio 2011 Porsche 911 Turbo S Coupe. Hoc 2011 Porsche 911 Turbo S coupe potest a geminis turbocharged 3.8L sex planis quae mutatae sunt cum Champion Motorsport Turbo Power ornamentum cum 68mm VTG turbochargers, systema Tubi exhauriendi, fibra carbonis Y-pipe, GIAC procuratio instrumenti machinalis, et…",https://bringatrailer.com/listing/2011-porsche-911-turbo-s-coupe-62/,https://bringatrailer.com/wp-content/uploads/2026/05/DSC02832-copy-2026-06-30-ncu-82072.jpg,,"This 2011 Porsche 911 Turbo S coupe is powered by a twin-turbocharged 3.8L flat-six that has been modified with a Champion Motorsport Turbo Power kit with 68mm VTG turbochargers, a Tubi exhaust syste… [+3060 chars]",,2026-07-27 16:56:49+00:00,wmo,United States,CNA,North-America
790d512b72360de1bd9913f7960fa18b,2026-07-14T22:03:35Z,Storm,Storm Surge United Kingdom,bringatrailer.com,en,0.3,"1989 Toyota Supra 5-Gang ohne Reserve. Bei diesem Toyota Supra aus dem Jahr 1989 handelt es sich um ein Hardtop für den kanadischen Markt, das angeblich in der Obhut seines ursprünglichen Besitzers und seiner Familie geblieben ist, bis es vom Verkäufer im Jahr 2020 erworben wurde. Nachfolgende Arbeiten umfassten die Überarbeitung der dunkelblauen Metallic-Karosserie, die Wartung der Karosserie und …",1989 Toyota Supra 5-Speed at No Reserve,"This 1989 Toyota Supra is a Canadian-market hardtop that is said to have remained in the care of its original owner and their family until it was acquired by the seller in 2020. Subsequent work involved refinishing the Dark Blue Metallic body, servicing the b…","1989 Toyota Supra 5-Speed at No Reserve. This 1989 Toyota Supra is a Canadian-market hardtop that is said to have remained in the care of its original owner and their family until it was acquired by the seller in 2020. Subsequent work involved refinishing the Dark Blue Metallic body, servicing the b…","1989 Toyota Supra 5-celeritate ad No Subsidium. Hoc 1989 Toyota Supra est a Canadian-market hardtop quod dicitur mansisse in cura primigenii possessoris et familiae suae donec a venditore anno 2020 parta est. Sequens labor involvit expolitionem corporis metallicae Obscurae Blue, serviens b…",https://bringatrailer.com/listing/1989-toyota-supra-66/,https://bringatrailer.com/wp-content/uploads/2026/06/1989_toyota_supra_1989_toyota_supra_6a1809f6-7c64-4b44-b26f-e47550e6cdc7-B2C67P-57778-57779-scaled-1-scaled-copy-2026-07-06-voj-63612.jpg,,This 1989 Toyota Supra is a Canadian-market hardtop that is said to have remained in the care of its original owner and their family until it was acquired by the seller in 2020. Subsequent work invol… [+3161 chars],,2026-07-27 16:56:49+00:00,wmo,United Kingdom,NEU,Europe
325b86f0b835d9d5d525e9091d6a7e9e,2026-07-14T23:43:11Z,Flood,Flooding Bossier LA Webster LA,bringatrailer.com,en,0.3,"Porsche 944 S2 5-Gang, Baujahr 1991, seit 24 Jahren im Besitz. Nach dem Kauf durch den jetzigen Besitzer im Jahr 2002 wurde die Karosserie dieses Porsche 944 S2 aus dem Jahr 1991 in Guard Red aufgearbeitet und die Innenausstattung aus schwarzem Leder wurde in Deutschland neu gestaltet. Im Jahr 2006 wurde er nach Kanada verlegt.","24-Years-Owned, RoW 1991 Porsche 944 S2 5-Speed","This rest-of-world 1991 Porsche 944 S2 had its Guard Red body refinished and black leather interior retrimmed in Germany following the current owner's purchase in 2002, and it was relocated to Canada in 2006. Powered by a 3.0-liter inline-four paired with a f…","24-Years-Owned, RoW 1991 Porsche 944 S2 5-Speed. This rest-of-world 1991 Porsche 944 S2 had its Guard Red body refinished and black leather interior retrimmed in Germany following the current owner's purchase in 2002, and it was relocated to Canada in 2006. Powered by a 3.0-liter inline-four paired with a f…","24-Annus-Owned, RoW 1991 ruerat 944 S2 5-Speed. Haec restis mundi 1991 ruerat 944 S2 corpus suum rubrum expolitum et corium nigrum interiorem in Germania sequentem emptionis possessoris anno 2002 retractavit, et in Canadam anno 2006 relocatum est. Per 3.0-liter inlineum quattuor paribus cum f...",https://bringatrailer.com/listing/1991-porsche-944-s2-29/,https://bringatrailer.com/wp-content/uploads/2026/06/7-scaled-copy-2026-07-09-3pf-11963.jpg,,"This rest-of-world 1991 Porsche 944 S2 had its Guard Red body refinished and black leather interior retrimmed in Germany following the current owner’s purchase in 2002, and it was relocated to Canada… [+2018 chars]",,2026-07-27 16:56:49+00:00,wmo,United States,CNA,North-America
6072faf044b07f6e0ac76df6eec995ae,2026-07-15T23:45:38Z,Flood,Flood Brookings SD,bringatrailer.com,en,0.3,"2000 BMW M5. Dieser auf dem kanadischen Markt erhältliche BMW M5 aus dem Jahr 2000 ist in Anthrazit-Metallic über Schwarz und Silverstone-Nappa-Point-Leder gehalten und wird von einem 4,9-Liter-S62-V8-Motor mit Sechsgang-Schaltgetriebe angetrieben. Zur Ausstattung gehören eine modifizierte Abgasanlage, 18"" M-Parallel-W…",2000 BMW M5,"This Canadian-market 2000 BMW M5 is finished in Anthracite Metallic over Black and Silverstone Nappa Point leather and is powered by a 4.9-liter S62 V8 paired with a six-speed manual transmission. Equipment includes a modified exhaust system, 18"" M-Parallel w…","2000 BMW M5. This Canadian-market 2000 BMW M5 is finished in Anthracite Metallic over Black and Silverstone Nappa Point leather and is powered by a 4.9-liter S62 V8 paired with a six-speed manual transmission. Equipment includes a modified exhaust system, 18"" M-Parallel w…","2000 BMW M5. Hoc Canadian mercatum 2000 BMW M5 in anthracitis metallicis confectum est super corium nigrum et Nappa Argentea Point et per 4.9 sextarium S62 V8 paris cum transmissione manuali sex velocitate laborat. Apparatus includunt modificatam exhauriendi rationem, 18"" M-Parallel w ...",https://bringatrailer.com/listing/2000-bmw-m5-378/,https://bringatrailer.com/wp-content/uploads/2026/07/IMG_1388-1-scaled-copy-2026-07-15-k73-51136.jpeg,,This Canadian-market 2000 BMW M5 is finished in Anthracite Metallic over Black and Silverstone Nappa Point leather and is powered by a 4.9-liter S62 V8 paired with a six-speed manual transmission. Eq… [+2370 chars],,2026-07-27 16:56:49+00:00,wmo,United States,CNA,North-America
485de2967500ec4742d05d636cd6352a,2026-07-16T19:20:31Z,Storm,Storm Surge United Kingdom,bringatrailer.com,en,0.3,"1991 BMW 850i. Dieser auf dem japanischen Markt erhältliche BMW 850i aus dem Jahr 1991 wurde 2006 nach Kanada importiert und 2022 vom jetzigen Besitzer erworben, der seitdem die Reifen, Querlenkerbuchsen, Spurstangen, Wasserpumpe, Antriebsriemen und Motorlager ausgetauscht hat. Angetrieben von einem 5,0-Liter-V12, verbunden mit einem F…",1991 BMW 850i,"This Japanese-market 1991 BMW 850i was imported to Canada in 2006 and acquired in 2022 by the current owner, who has since replaced the tires, control arm bushings, tie rods, water pump, drive belts, and engine mounts. Powered by a 5.0-liter V12 linked to a f…","1991 BMW 850i. This Japanese-market 1991 BMW 850i was imported to Canada in 2006 and acquired in 2022 by the current owner, who has since replaced the tires, control arm bushings, tie rods, water pump, drive belts, and engine mounts. Powered by a 5.0-liter V12 linked to a f…","1991 BMW 850i. Hoc mercatum Iaponica 1991 BMW 850i in Canadam anno 2006 advectum est et anno 2022 a possessore hodierno acquisitum, qui ex quo coronas reposuit, virgulta brachii, virgas ligaturas, aquam sentinam, balteos eiecit, machinam aggeris. Powered by a 5.0-liter V12 cum a f…",https://bringatrailer.com/listing/1991-bmw-850i-219/,https://bringatrailer.com/wp-content/uploads/2026/06/1991_bmw_850i_IMG_2134-70334-scaled-1-scaled-copy-2026-07-13-ymg-57356.jpeg,,"This Japanese-market 1991 BMW 850i was imported to Canada in 2006 and acquired in 2022 by the current owner, who has since replaced the tires, control arm bushings, tie rods, water pump, drive belts,… [+2538 chars]",,2026-07-27 16:56:49+00:00,wmo,United Kingdom,NEU,Europe
8108d280fa5a38d93e872c0e068146ae,2026-07-17T21:50:08Z,Flood,Flooding Calhoun IL Greene IL Jersey IL,bringatrailer.com,en,0.3,"2004 Lexus LS430 ohne Reserve. Dieser auf dem kanadischen Markt erhältliche Lexus LS430 aus dem Jahr 2004 ist mit Kaschmirleder über Mystic Gold Metallic lackiert und wird von einem 4,3-Liter-V8 angetrieben, der mit einem Sechsgang-Automatikgetriebe verbunden ist. Das Auto fährt auf 17-Zoll-Leichtmetallfelgen und ist mit einem Schiebedach, Nebelscheinwerfern, Parklicht ausgestattet.",2004 Lexus LS430 at No Reserve,"This Canadian-market 2004 Lexus LS430 is finished in Cashmere leather over Mystic Gold Metallic and is powered by a 4.3-liter V8 linked to a six-speed automatic transmission. The car rides on 17"" alloy wheels and is equipped with a sunroof, fog lights, parkin…","2004 Lexus LS430 at No Reserve. This Canadian-market 2004 Lexus LS430 is finished in Cashmere leather over Mystic Gold Metallic and is powered by a 4.3-liter V8 linked to a six-speed automatic transmission. The car rides on 17"" alloy wheels and is equipped with a sunroof, fog lights, parkin…","2004 Lexus LS430 apud No Subsidium. Hoc Canadian-market 2004 Lexus LS430 in corio Cashmere super Mysticum Aurum Metallicum finitur et per 4.3 sextarium V8 coniungitur cum sex velocitate latae transmissionis. Raeda invehitur die 17"" rotae mixturae instructa cum solis rotis, nebula luminibus, parkin…",https://bringatrailer.com/listing/2004-lexus-ls430-77/,https://bringatrailer.com/wp-content/uploads/2026/06/LexusLS430_20260709-07680-copy-2026-07-13-24r-75572.jpg,,This Canadian-market 2004 Lexus LS430 is finished in Cashmere leather over Mystic Gold Metallic and is powered by a 4.3-liter V8 linked to a six-speed automatic transmission. The car rides on 17″ all… [+2430 chars],,2026-07-27 16:56:49+00:00,wmo,United States,CNA,North-America
21f5a6bab810c39781bccf9889210be0,2026-07-21T17:46:10Z,Flood,Flood Maricopa AZ Pinal AZ,bringatrailer.com,en,0.3,"23.000 Kilometer 2007 Lexus ES350 ohne Reserve. Bei diesem Lexus ES350 aus dem Jahr 2007 handelt es sich um ein Exemplar für den kanadischen Markt, das in Amber Pearl über schwarzem Leder lackiert ist und von einem 3,5-Liter-V6-Motor mit Sechsgang-Automatikgetriebe angetrieben wird. Es fährt auf 17-Zoll-Leichtmetallfelgen und ist außerdem mit einem Allrad-Antiblockier-Scheibenbremssystem ausgestattet.",23k-Kilometer 2007 Lexus ES350 at No Reserve,"This 2007 Lexus ES350 is a Canadian-market example finished in Amber Pearl over black leather and is powered by a 3.5-liter V6 paired with a six-speed automatic transaxle. It rides on 17"" alloy wheels and is further equipped with four-wheel anti-lock disc bra…","23k-Kilometer 2007 Lexus ES350 at No Reserve. This 2007 Lexus ES350 is a Canadian-market example finished in Amber Pearl over black leather and is powered by a 3.5-liter V6 paired with a six-speed automatic transaxle. It rides on 17"" alloy wheels and is further equipped with four-wheel anti-lock disc bra…","23k-Kilometer 2007 Lexus ES350 in Subsidium No. Hoc 2007 Lexus ES350 exemplum in Amber Bacca per corium nigrum confectum est et a 3.5-liter V6 paribus cum sex velocitate transaxo automatico confectum est. Super 17"" stannum rotarum invehitur et amplius rotarum discorum anti-cincinnis fascia instructus est...",https://bringatrailer.com/listing/2007-lexus-es350-7/,https://bringatrailer.com/wp-content/uploads/2026/06/2007_lexus_es350_2007_lexus_es350_ca721c9a-ad4a-491b-bf5b-5c66067bf844-2tKeWL-31510-31511-scaled-1-scaled-copy-2026-07-13-y3v-11609.jpg,,This 2007 Lexus ES350 is a Canadian-market example finished in Amber Pearl over black leather and is powered by a 3.5-liter V6 paired with a six-speed automatic transaxle. It rides on 17″ alloy wheel… [+2196 chars],,2026-07-27 16:56:49+00:00,wmo,United States,CNA,North-America
abc4e0b12da209b09df759b565caf3f7,2026-07-21T22:07:08Z,Drought,Dry Spell Puerto Rico,bringatrailer.com,en,0.3,"4.800 Meilen 2006 Dodge Viper SRT-10 Roadster. Dieser Dodge Viper SRT-10 Roadster aus dem Jahr 2006 ist ein auf dem US-Markt erhältliches Auto mit einer Laufleistung von 4.800 Meilen, das einen Großteil seiner Zeit in Florida verbrachte, bevor es 2021 nach British Columbia, Kanada, importiert wurde. Das Auto ist in Viper Blue über schwarzem Leder und Microsuede gehalten und wird von… angetrieben.","4,800-Mile 2006 Dodge Viper SRT-10 Roadster","This 2006 Dodge Viper SRT-10 roadster is a US-market car that has 4,800 miles and spent much of its time in Florida prior to being imported into British Columbia, Canada, in 2021. Finished in Viper Blue over black leather and microsuede, the car is powered by…","4,800-Mile 2006 Dodge Viper SRT-10 Roadster. This 2006 Dodge Viper SRT-10 roadster is a US-market car that has 4,800 miles and spent much of its time in Florida prior to being imported into British Columbia, Canada, in 2021. Finished in Viper Blue over black leather and microsuede, the car is powered by…","4,800-Mile 2006 Dodge Viper SRT-10 Roadster. Hoc MMVI Dodge Vipera SRT-X viarum est currus US-market quod habet 4,800 milia passuum et multum temporis egit in Florida prior cum importari in Britanniam Columbiam, Canadam, anno 2021. Finitum est in Vipera caeruleo super corio nigro et microsuede, raeda a…",https://bringatrailer.com/listing/2006-dodge-viper-srt-10-roadster-23/,https://bringatrailer.com/wp-content/uploads/2026/06/2006_dodge_viper-srt-10-roadster_DSC_4934-39179-scaled-1-scaled-copy-2026-07-15-cmm-41511.jpg,,"This 2006 Dodge Viper SRT-10 roadster is a US-market car that has 4,800 miles and spent much of its time in Florida prior to being imported into British Columbia, Canada, in 2021. Finished in Viper B… [+2043 chars]",,2026-07-27 16:56:49+00:00,edo,Puerto Rico,CAR,North-America
37b0acb1f222cf6a613545fa43977ca3,2026-07-22T16:14:52Z,Flood,Flooding Australia,bringatrailer.com,en,0.3,"23.000 Kilometer 2005 Mercedes-Benz SL65 AMG Anniversary Edition. Bei diesem Mercedes-Benz SL65 AMG aus dem Jahr 2005 handelt es sich um ein Exemplar der Anniversary Edition, das in New York und Colorado zugelassen wurde, bevor es 2007 vom Vater des Verkäufers gekauft und nach Kanada importiert wurde. Mit einer Lackierung in Silver Arrow Metallic über schwarzer Lederpolsterung …",23k-Kilometer 2005 Mercedes-Benz SL65 AMG Anniversary Edition,"This 2005 Mercedes-Benz SL65 AMG is an Anniversary Edition example that was registered in New York and Colorado prior to being purchased by the seller's father in 2007 and imported to Canada. Finished in Silver Arrow Metallic over black leather upholstery, th…","23k-Kilometer 2005 Mercedes-Benz SL65 AMG Anniversary Edition. This 2005 Mercedes-Benz SL65 AMG is an Anniversary Edition example that was registered in New York and Colorado prior to being purchased by the seller's father in 2007 and imported to Canada. Finished in Silver Arrow Metallic over black leather upholstery, th…","23k-Kilometer 2005 Mercedes-Benz SL65 AMG Anniversary Edition. Hoc 2005 Mercedes-Benz SL65 AMG exemplum est anniversarium Editionis Novi Eboraci relatus et Colorado prior quam emit a patre venditoris anno 2007 et in Canadam importatus est. Consummatum est in Argentea Sagitta Metallica super corium nigrum upholstery, th…",https://bringatrailer.com/listing/2005-mercedes-benz-sl65-amg-115/,https://bringatrailer.com/wp-content/uploads/2026/06/2005_mercedes-benz_sl65-amg_74-_B4A5320-02805-scaled-1-scaled-copy-2026-07-13-4on-60640.jpg,,This 2005 Mercedes-Benz SL65 AMG is an Anniversary Edition example that was registered in New York and Colorado prior to being purchased by the seller’s father in 2007 and imported to Canada. Finishe… [+3013 chars],,2026-07-27 16:56:49+00:00,wmo,Australia,CAU,Oceania
57de6b7fb83029e9009b05a02707f5fc,2026-07-06T13:59:00Z,Wildfire,Wildfire Methow Valley,www.dw.com,en,0.2,"Ist Afrika bereit für El Niño? Experten warnen davor, dass das Klimaphänomen El Niño noch in diesem Jahr zu Dürren, Überschwemmungen und Vertreibungen in Teilen Afrikas führen könnte. Sind die Regierungen vorbereitet?",Is Africa ready for El Nino?,"Experts warn the El Nino climate phenomenon could bring drought, floods and displacement to parts of Africa later this year. Are governments prepared?","Is Africa ready for El Nino?. Experts warn the El Nino climate phenomenon could bring drought, floods and displacement to parts of Africa later this year. Are governments prepared?","Estne Africa parata El Nino? Periti monent phaenomenon climatis El Nino siccitatem, inundationes et obsessionem ad partes Africae hoc anno adducere posse. Parata sunt imperia?",https://www.dw.com/en/is-africa-ready-for-el-nino-drought-floods/a-77826694,https://static.dw.com/image/75915517_6.jpg,,The United Nations Food and Agriculture Organization (FAO) and the World Food Programme (WFP) have appealed for over $200 million in funds to help protect 8.8 million people across 22 high-risk count… [+7757 chars],,2026-07-28 16:40:16+00:00,wmo,United States,CNA,North-America
5da09a30129bc533450646134154c09c,2026-07-05T04:37:57Z,Flood,Flood Leake MS,www.vanguardngr.com,en,0.3,"Sintflutartige Regenfälle: In den Bundesstaaten nehmen vor der Hochsaison die Ängste vor Überschwemmungen zu. Von Dayo Johnson, Rotimi Ojomoyela, Adeola Badru, Samuel Oyadongha, Egufe Yafugborhi, Ozioruva Aliu, Ike Uchechukwu, Ochuko Akuopha, Jeff Agboddo und Daniel Abia Was mit tagelangen anhaltenden Regenfällen begann, eskalierte schnell zu großflächigen Überschwemmungen über mehrere …",Torrential rainfall:Flood fears mount in states ahead of peak season,"By Dayo Johnson, Rotimi Ojomoyela, Adeola Badru, Samuel Oyadongha, Egufe Yafugborhi, Ozioruva Aliu, Ike Uchechukwu, Ochuko Akuopha, Jeff Agboddo, & Daniel Abia What began as days of persistent rainfall has quickly escalated into widespread flooding across sev…","Torrential rainfall:Flood fears mount in states ahead of peak season. By Dayo Johnson, Rotimi Ojomoyela, Adeola Badru, Samuel Oyadongha, Egufe Yafugborhi, Ozioruva Aliu, Ike Uchechukwu, Ochuko Akuopha, Jeff Agboddo, & Daniel Abia What began as days of persistent rainfall has quickly escalated into widespread flooding across sev…","Torrentia pluviae: Diluvium timores conscendunt in civitatibus ante apicem temporum. By Dayo Johnson, Rotimi Ojomoyela, Adeola Badru, Samuel Oyadongha, Egufe Yafugborhi, Ozioruva Aliu, Ike Uchechukwu, Ochuko Akuopha, Jeff Agboddo, & Daniel Abia Quod incepit dies prostantis pluviae, cito in divulgationem inundationem intro se introduxit.",https://www.vanguardngr.com/2026/07/torrential-rainfallflood-fears-mount-in-states-ahead-of-peak-season/,https://cdn.vanguardngr.com/wp-content/uploads/2025/08/Flooding.webp,,"By Dayo Johnson, Rotimi Ojomoyela, Adeola Badru, Samuel Oyadongha, Egufe Yafugborhi, Ozioruva Aliu, Ike Uchechukwu, Ochuko Akuopha, Jeff Agboddo, &amp; Daniel Abia
What began as days of persistent r… [+17705 chars]",,2026-07-28 16:40:16+00:00,wmo,United States,CNA,North-America
2506063da3ee4931b250bc5fc7cd623f,2026-07-07T13:35:32Z,Tropical Cyclone,Hurricane Rota,punchng.com,en,0.2,"Demonstranten fordern N’Assembly auf, die Bestätigung des Botschafters von Ex-FUOYE VC zu stoppen. Demonstranten stürmen die Nationalversammlung und fordern den Senat auf, die Bestätigung der Botschafterin von Professor Abayomi Fasina wegen Vorwurfs sexueller Belästigung auszusetzen

Weiterlesen: https://punchng.com/protesters-ask-nassembly-to-halt-ex-fuoye-vcs-ambassadorial-confirmatio…",Protesters ask N’Assembly to halt ex-FUOYE VC’s ambassadorial confirmation,"Protesters storm the National Assembly, urging the Senate to suspend Professor Abayomi Fasina’s ambassadorial confirmation over sexual harassment allegatio

Read More: https://punchng.com/protesters-ask-nassembly-to-halt-ex-fuoye-vcs-ambassadorial-confirmatio…","Protesters ask N’Assembly to halt ex-FUOYE VC’s ambassadorial confirmation. Protesters storm the National Assembly, urging the Senate to suspend Professor Abayomi Fasina’s ambassadorial confirmation over sexual harassment allegatio

Read More: https://punchng.com/protesters-ask-nassembly-to-halt-ex-fuoye-vcs-ambassadorial-confirmatio…","Protestantes rogant N'Assembly cessare ex-FUOYE VC confirmatio legatorum. Protestantes conventum nationalem expugnant, senatum rogantes ut Professor Abayomi Fasina confirmationem legatorum suspendat super vexationes sexuales allegatio.

Lege More: https://punchng.com/protesters-ask-nassembly-to-halt-ex-fuoye-vcs-ambassadorial-confirmatio...",https://punchng.com/protesters-ask-nassembly-to-halt-ex-fuoye-vcs-ambassadorial-confirmation/,https://punchng.com/wp-content/uploads/2026/07/WhatsApp-Image-2026-07-07-at-13.41.48_1783430705-1200x576.webp,,"Scores of demonstrators on Tuesday stormed the National Assembly, Abuja, urging the Senate to suspend the confirmation of Professor Abayomi Fasina as a non-career ambassadorial nominee over allegatio… [+6293 chars]",,2026-07-28 21:05:50+00:00,wmo,United States,CNA,North-America
25aa786c157403414f49878a2a3a071b,2026-07-09T19:18:15Z,Precipitation,Rain Canada,www.cbc.ca,en,0.7,"Die Waldbrandsaison in Kanada ist bisher überschaubar, aber heißes und trockenes Wetter birgt Risiken. Bundesbeamte sagen, dass die Waldbrandsaison 2026 bisher beherrschbar war, was vor allem auf die erheblichen Regenmengen im gesamten Westen Kanadas zurückzuführen ist.","Canada's wildfire season is manageable so far, but hot and dry weather brings risks","Federal officials say the 2026 wildfire season has been manageable so far, largely because of significant amounts of rain across Western Canada.","Canada's wildfire season is manageable so far, but hot and dry weather brings risks. Federal officials say the 2026 wildfire season has been manageable so far, largely because of significant amounts of rain across Western Canada.","Ignis incendium Canada usque tractabile est, sed aestus et siccitas pericula affert. Magistratus foederati dicunt tempus 2026 incendium ferum tam longe tractabile fuisse, late propter significantes quantitates pluviarum trans Canadam occidentalem.",https://www.cbc.ca/news/science/wildfire-heat-risk-weather-9.7264614,"https://i.cbc.ca/ais/638bacf4-53d3-45c8-bc32-756a1a077de0,1783624090667/full/max/0/default.jpg?im=Crop%2Crect%3D%280%2C217%2C2312%2C1300%29%3BResize%3D620",,"Federal officials say the 2026 wildfire season has been manageable so far, largely because of significant amounts of rain across Western Canada.
But with higher than normal temperatures and lower th… [+707 chars]",,2026-07-29 07:41:37+00:00,wmo,Canada,NEN,North-America
72fce1f38229631894555d497a12b0d3,2026-07-08T18:49:02Z,Snow&Ice,Snow Australia,www.abc.net.au,en,0.7,"Da der Schneefall zurückgeht, ist es ein wichtiger Faktor, die Skisaison am Leben zu erhalten. Daten zeigen, dass die Schneehöhe in Australien seit den 1950er Jahren zurückgegangen ist und die Skigebiete auf Beschneiung umgestiegen sind, um eine starke Skisaison zu gewährleisten.","As snowfall declines, a key ingredient is keeping the ski season alive","Data shows snow depth has been declining in Australia since the 1950s, with resorts turning to snowmaking to guarantee a strong ski season.","As snowfall declines, a key ingredient is keeping the ski season alive. Data shows snow depth has been declining in Australia since the 1950s, with resorts turning to snowmaking to guarantee a strong ski season.","Sicut nix defluit, clavis ingrediens pro ski tempore vivit. Data ostendit altitudinem nivis in Australia declivis fuisse ab annis 1950, cum frequentat conversiones ad nives tempus validum praestandi.",https://www.abc.net.au/news/2026-07-09/snow-machines-climate-change-ski-season/106870830,https://live-production.wcms.abc-cdn.net.au/7b9cbf0150a60a6ac89734c1b6c94cc4?impolicy=wcms_watermark_news&cropH=2813&cropW=5000&xPos=0&yPos=0&width=862&height=485&imformat=generic,,"Perisher's Front Valley snow cam from June 27 to July 7.
Supplied
Five years ago the ski lifts at Tasmania's Ben Lomond resort operated for 17 days of the year. 
In 2023, that number increased to … [+10294 chars]",,2026-07-29 20:54:19+00:00,wmo,Australia,CAU,Oceania
feffc4413c42bc0e8803accb134952cd,2026-07-02T06:51:16Z,Storm,Storm Nigeria,post.rlsbb.to,en,0.7,"Ermutigt 2020 1080p WEB H264-13. Handlung: Courage Adams begann bereits im Alter von 12 Jahren mit dem BMX-Fahren. Mit 16 Jahren war er bereits Profi geworden, eroberte die BMX-Welt im Sturm und machte das Beste aus dem mutigen Schachzug seiner Eltern. Jetzt kehrt er zu seinen Wurzeln in Nigeria zurück.Genre: DokumentarfilmIMDB Rating Live: IMDB Rating: N/ATMDB Rat…",Encouraged 2020 1080p WEB H264-13,"Plot: Courage Adams started riding BMX aged just 12. By 16, he’d already turned pro, taken the BMX world by storm and made the most of his parents’ bold move. Now, he returns to his roots in Nigeria.Genre: DocumentaryIMDB Rating Live: IMDB Rating: N/ATMDB Rat…","Encouraged 2020 1080p WEB H264-13. Plot: Courage Adams started riding BMX aged just 12. By 16, he’d already turned pro, taken the BMX world by storm and made the most of his parents’ bold move. Now, he returns to his roots in Nigeria.Genre: DocumentaryIMDB Rating Live: IMDB Rating: N/ATMDB Rat…","Robustus 2020 1080p WEB H264-13. Conspiratio: Fortitudo Adams BMX senex iustus equitare incepit 12. Per 16, se iam pro verteret, BMX mundum vi cepit et maxime suorum parentum audaciam fecit. Nunc ad radices in Nigeria redit.Genre: DocumentaryIMDB Rating Vive: IMDB Rating: N/ATMDB Rat…",https://post.rlsbb.to/encouraged-2020-1080p-web-h264-13/,,,"Plot: Courage Adams started riding BMX aged just 12. By 16, hed already turned pro, taken the BMX world by storm and made the most of his parents’ bold move. Now, he returns to his roots in Nigeria.… [+1270 chars]",,2026-07-30 11:50:53+00:00,wmo,Nigeria,WAF,Africa
